# Blender 4.4.3
# www.blender.org
mtllib r2d2_joined.mtl
o Kuppel
v 0.000000 3.570720 -0.997240
v 0.000000 3.075485 -1.492474
v 0.000000 2.428429 -1.760494
v 0.000000 2.078245 -1.794984
v 0.068318 3.838739 -0.343455
v 0.134010 3.736594 -0.673712
v 0.194552 3.570720 -0.978078
v 0.247617 3.347491 -1.244857
v 0.291167 3.075485 -1.463797
v 0.323528 2.765156 -1.626484
v 0.343455 2.428429 -1.726666
v 0.350184 2.078245 -1.760494
v 0.134010 3.838739 -0.323528
v 0.262869 3.736594 -0.634623
v 0.381627 3.570720 -0.921329
v 0.485719 3.347491 -1.172630
v 0.571145 3.075485 -1.378866
v 0.634623 2.765156 -1.532114
v 0.673712 2.428429 -1.626484
v 0.686911 2.078245 -1.658349
v 0.194552 3.838739 -0.291167
v 0.381627 3.736594 -0.571145
v 0.554037 3.570720 -0.829174
v 0.705155 3.347491 -1.055339
v 0.829174 3.075485 -1.240947
v 0.921329 2.765156 -1.378866
v 0.978078 2.428429 -1.463797
v 0.997240 2.078245 -1.492474
v 0.247617 3.838739 -0.247617
v 0.485719 3.736594 -0.485719
v 0.705155 3.570720 -0.705155
v 0.897492 3.347491 -0.897492
v 1.055339 3.075485 -1.055339
v 1.172629 2.765156 -1.172630
v 1.244857 2.428429 -1.244857
v 1.269245 2.078245 -1.269245
v 0.291167 3.838739 -0.194552
v 0.571145 3.736594 -0.381627
v 0.829174 3.570720 -0.554036
v 1.055339 3.347491 -0.705155
v 1.240947 3.075485 -0.829174
v 1.378866 2.765156 -0.921329
v 1.463797 2.428429 -0.978078
v 1.492474 2.078245 -0.997239
v 0.000000 3.873229 0.000000
v 0.323528 3.838739 -0.134010
v 0.634623 3.736594 -0.262869
v 0.921329 3.570720 -0.381627
v 1.172630 3.347491 -0.485719
v 1.378866 3.075485 -0.571145
v 1.532114 2.765156 -0.634623
v 1.626484 2.428429 -0.673712
v 1.658348 2.078245 -0.686910
v 0.343455 3.838739 -0.068317
v 0.673712 3.736594 -0.134010
v 0.978078 3.570720 -0.194552
v 1.244857 3.347491 -0.247617
v 1.463797 3.075485 -0.291167
v 1.626484 2.765156 -0.323528
v 1.726666 2.428429 -0.343455
v 1.760493 2.078245 -0.350184
v 0.350184 3.838739 0.000000
v 0.686910 3.736594 0.000000
v 0.997239 3.570720 0.000000
v 1.269245 3.347491 -0.000000
v 1.492474 3.075485 0.000000
v 1.658349 2.765156 -0.000000
v 1.760493 2.428429 0.000000
v 1.794983 2.078245 0.000000
v 0.343455 3.838739 0.068318
v 0.673712 3.736594 0.134010
v 0.978078 3.570720 0.194552
v 1.244857 3.347491 0.247617
v 1.463796 3.075485 0.291167
v 1.626484 2.765156 0.323528
v 1.726666 2.428429 0.343455
v 1.760493 2.078245 0.350184
v 0.323528 3.838739 0.134010
v 0.634623 3.736594 0.262869
v 0.921329 3.570720 0.381627
v 1.172629 3.347491 0.485719
v 1.378866 3.075485 0.571145
v 1.532114 2.765156 0.634622
v 1.626484 2.428429 0.673712
v 1.658348 2.078245 0.686911
v 0.291167 3.838739 0.194552
v 0.571145 3.736594 0.381627
v 0.829174 3.570720 0.554036
v 1.055339 3.347491 0.705155
v 1.240947 3.075485 0.829174
v 1.378866 2.765156 0.921329
v 1.463796 2.428429 0.978078
v 1.492474 2.078245 0.997239
v 0.247617 3.838739 0.247617
v 0.485719 3.736594 0.485719
v 0.705154 3.570720 0.705155
v 0.897492 3.347491 0.897492
v 1.055338 3.075485 1.055339
v 1.172629 2.765156 1.172629
v 1.244857 2.428429 1.244857
v 1.269244 2.078245 1.269245
v 0.194552 3.838739 0.291167
v 0.381627 3.736594 0.571145
v 0.554036 3.570720 0.829174
v 0.705155 3.347491 1.055339
v 0.829174 3.075485 1.240947
v 0.921329 2.765156 1.378866
v 0.978077 2.428429 1.463797
v 0.997239 2.078245 1.492474
v 0.134010 3.838739 0.323528
v 0.262869 3.736594 0.634622
v 0.381627 3.570720 0.921329
v 0.485719 3.347491 1.172629
v 0.571145 3.075485 1.378866
v 0.634623 2.765156 1.532114
v 0.673711 2.428429 1.626484
v 0.686910 2.078245 1.658348
v 0.068317 3.838739 0.343455
v 0.134009 3.736594 0.673712
v 0.194552 3.570720 0.978077
v 0.247617 3.347491 1.244857
v 0.291167 3.075485 1.463796
v 0.323528 2.765156 1.626484
v 0.343455 2.428429 1.726666
v 0.350183 2.078245 1.760493
v -0.000000 3.838739 0.350184
v -0.000000 3.736594 0.686910
v -0.000000 3.570720 0.997239
v -0.000000 3.347491 1.269245
v -0.000000 3.075485 1.492474
v 0.000000 2.765156 1.658348
v -0.000000 2.428429 1.760493
v -0.000001 2.078245 1.794983
v -0.068317 3.838739 0.343455
v -0.134010 3.736594 0.673712
v -0.194552 3.570720 0.978077
v -0.247617 3.347491 1.244857
v -0.291167 3.075485 1.463796
v -0.323528 2.765156 1.626484
v -0.343455 2.428429 1.726666
v -0.350184 2.078245 1.760492
v -0.134010 3.838739 0.323528
v -0.262869 3.736594 0.634622
v -0.381627 3.570720 0.921329
v -0.485719 3.347491 1.172629
v -0.571145 3.075485 1.378866
v -0.634622 2.765156 1.532114
v -0.673712 2.428429 1.626483
v -0.686911 2.078245 1.658347
v -0.194552 3.838739 0.291167
v -0.381627 3.736594 0.571145
v -0.554036 3.570720 0.829174
v -0.705155 3.347491 1.055339
v -0.829174 3.075485 1.240946
v -0.921329 2.765156 1.378866
v -0.978078 2.428429 1.463796
v -0.997239 2.078245 1.492473
v -0.247617 3.838739 0.247617
v -0.485719 3.736594 0.485719
v -0.705155 3.570720 0.705154
v -0.897492 3.347491 0.897492
v -1.055338 3.075485 1.055338
v -1.172629 2.765156 1.172629
v -1.244857 2.428429 1.244856
v -1.269245 2.078245 1.269244
v -0.291167 3.838739 0.194552
v -0.571145 3.736594 0.381627
v -0.829174 3.570720 0.554036
v -1.055339 3.347491 0.705155
v -1.240947 3.075485 0.829174
v -1.378866 2.765156 0.921329
v -1.463796 2.428429 0.978077
v -1.492474 2.078245 0.997238
v -0.323528 3.838739 0.134009
v -0.634622 3.736594 0.262869
v -0.921329 3.570720 0.381627
v -1.172629 3.347491 0.485719
v -1.378866 3.075485 0.571145
v -1.532114 2.765156 0.634622
v -1.626484 2.428429 0.673711
v -1.658347 2.078245 0.686909
v -0.343455 3.838739 0.068317
v -0.673711 3.736594 0.134009
v -0.978077 3.570720 0.194551
v -1.244857 3.347491 0.247617
v -1.463796 3.075485 0.291167
v -1.626483 2.765156 0.323528
v -1.726666 2.428429 0.343455
v -1.760492 2.078245 0.350183
v -0.350184 3.838739 -0.000000
v -0.686910 3.736594 -0.000000
v -0.997239 3.570720 -0.000000
v -1.269245 3.347491 -0.000000
v -1.492474 3.075485 -0.000000
v -1.658348 2.765156 -0.000000
v -1.760493 2.428429 -0.000000
v -1.794982 2.078245 -0.000001
v -0.343455 3.838739 -0.068317
v -0.673711 3.736594 -0.134010
v -0.978077 3.570720 -0.194552
v -1.244857 3.347491 -0.247617
v -1.463796 3.075485 -0.291167
v -1.626483 2.765156 -0.323528
v -1.726665 2.428429 -0.343456
v -1.760492 2.078245 -0.350184
v -0.323527 3.838739 -0.134010
v -0.634622 3.736594 -0.262869
v -0.921328 3.570720 -0.381627
v -1.172629 3.347491 -0.485719
v -1.378866 3.075485 -0.571145
v -1.532114 2.765156 -0.634622
v -1.626483 2.428429 -0.673712
v -1.658347 2.078245 -0.686911
v -0.291167 3.838739 -0.194552
v -0.571145 3.736594 -0.381627
v -0.829173 3.570720 -0.554036
v -1.055338 3.347491 -0.705155
v -1.240946 3.075485 -0.829174
v -1.378866 2.765156 -0.921329
v -1.463796 2.428429 -0.978078
v -1.492472 2.078245 -0.997239
v -0.247617 3.838739 -0.247617
v -0.485719 3.736594 -0.485719
v -0.705154 3.570720 -0.705154
v -0.897492 3.347491 -0.897492
v -1.055338 3.075485 -1.055338
v -1.172629 2.765156 -1.172629
v -1.244856 2.428429 -1.244857
v -1.269243 2.078245 -1.269244
v -0.194552 3.838739 -0.291167
v -0.381627 3.736594 -0.571145
v -0.554036 3.570720 -0.829174
v -0.705155 3.347491 -1.055339
v -0.829174 3.075485 -1.240946
v -0.921329 2.765156 -1.378866
v -0.978077 2.428429 -1.463796
v -0.997238 2.078245 -1.492473
v -0.134009 3.838739 -0.323527
v -0.262869 3.736594 -0.634622
v -0.381626 3.570720 -0.921328
v -0.485719 3.347491 -1.172629
v -0.571144 3.075485 -1.378866
v -0.634622 2.765156 -1.532114
v -0.673711 2.428429 -1.626483
v -0.686909 2.078245 -1.658347
v -0.068317 3.838739 -0.343455
v -0.134009 3.736594 -0.673711
v -0.194551 3.570720 -0.978077
v -0.247617 3.347491 -1.244857
v -0.291167 3.075485 -1.463796
v -0.323528 2.765156 -1.626483
v -0.343455 2.428429 -1.726665
v -0.350183 2.078245 -1.760492
v 0.000000 3.838739 -0.350184
v 0.000000 3.736594 -0.686910
v 0.000000 3.347491 -1.269245
v 0.000000 2.765156 -1.658348
v 0.000000 -0.029912 -1.765817
v 0.000000 2.081900 -1.765817
v 0.344494 -0.029912 -1.731887
v 0.344494 2.081900 -1.731887
v 0.675749 -0.029912 -1.631402
v 0.675749 2.081900 -1.631402
v 0.981035 -0.029912 -1.468223
v 0.981035 2.081900 -1.468223
v 1.248621 -0.029912 -1.248621
v 1.248621 2.081900 -1.248621
v 1.468223 -0.029912 -0.981035
v 1.468223 2.081900 -0.981035
v 1.631402 -0.029912 -0.675749
v 1.631402 2.081900 -0.675749
v 1.731887 -0.029912 -0.344494
v 1.731887 2.081900 -0.344494
v 1.765817 -0.029912 0.000000
v 1.765817 2.081900 0.000000
v 1.731887 -0.029912 0.344494
v 1.731887 2.081900 0.344494
v 1.631402 -0.029912 0.675749
v 1.631402 2.081900 0.675749
v 1.468223 -0.029912 0.981035
v 1.468223 2.081900 0.981035
v 1.248621 -0.029912 1.248621
v 1.248621 2.081900 1.248621
v 0.981035 -0.029912 1.468223
v 0.981035 2.081900 1.468223
v 0.675749 -0.029912 1.631402
v 0.675749 2.081900 1.631402
v 0.344494 -0.029912 1.731887
v 0.344494 2.081900 1.731887
v 0.000000 -0.029912 1.765817
v 0.000000 2.081900 1.765817
v -0.344494 -0.029912 1.731887
v -0.344494 2.081900 1.731887
v -0.675749 -0.029912 1.631402
v -0.675749 2.081900 1.631402
v -0.981035 -0.029912 1.468223
v -0.981035 2.081900 1.468223
v -1.248621 -0.029912 1.248621
v -1.248621 2.081900 1.248621
v -1.468223 -0.029912 0.981035
v -1.468223 2.081900 0.981035
v -1.631402 -0.029912 0.675749
v -1.631402 2.081900 0.675749
v -1.731887 -0.029912 0.344494
v -1.731887 2.081900 0.344494
v -1.765817 -0.029912 0.000000
v -1.765817 2.081900 0.000000
v -1.731887 -0.029912 -0.344494
v -1.731887 2.081900 -0.344494
v -1.631402 -0.029912 -0.675749
v -1.631402 2.081900 -0.675749
v -1.468223 -0.029912 -0.981035
v -1.468223 2.081900 -0.981035
v -1.248621 -0.029912 -1.248621
v -1.248621 2.081900 -1.248621
v -0.981035 -0.029912 -1.468223
v -0.981035 2.081900 -1.468223
v -0.675749 -0.029912 -1.631402
v -0.675749 2.081900 -1.631402
v -0.344494 -0.029912 -1.731887
v -0.344494 2.081900 -1.731887
v 0.000000 3.616857 -0.992269
v 0.000000 3.100382 -1.508744
v 0.000000 2.425576 -1.788258
v 0.000000 2.079060 -1.824227
v 0.139757 3.789845 -0.654866
v 0.202896 3.616857 -0.972286
v 0.258237 3.384054 -1.250507
v 0.303655 3.100382 -1.478836
v 0.337403 2.776744 -1.648501
v 0.358185 2.425576 -1.752979
v 0.365203 2.079060 -1.788258
v 0.274143 3.789845 -0.614101
v 0.397994 3.616857 -0.913103
v -0.577797 3.616857 -0.816996
v -0.274143 3.789845 -0.614100
v -0.397993 3.616857 -0.913103
v -0.506550 3.384054 -1.175181
v -0.139757 3.789845 -0.654866
v -0.202895 3.616857 -0.972285
v -0.258237 3.384054 -1.250506
v -0.303654 3.100382 -1.478835
v -0.337403 2.776744 -1.648500
v -0.358185 2.425576 -1.752979
v -0.365201 2.079060 -1.788256
v 0.000000 3.789845 -0.668631
v 0.000000 3.384054 -1.275940
v 0.000000 2.776744 -1.681731
v 0.493632 2.425576 -1.711892
v 0.493632 2.079060 -1.749299
v 0.493632 3.384054 -1.179100
v 0.493632 3.411757 -1.143995
v 0.493632 3.100382 -1.421207
v 0.493632 2.776744 -1.601109
v 0.493632 3.616857 -0.861984
v 0.493632 3.697832 -0.691034
v -0.589081 3.616857 -0.807735
v -0.589081 3.600188 -0.833883
v -0.589081 3.384054 -1.131068
v -0.589081 3.121266 -1.374429
v -0.589081 3.100382 -1.392252
v -0.589081 2.776744 -1.572154
v -0.589081 2.425576 -1.682937
v -0.589081 2.079060 -1.720343
v 0.000000 3.810424 -0.600791
v 0.129001 3.806570 -0.600791
v 0.268630 3.794215 -0.600791
v 0.299044 3.789845 -0.600791
v 0.433334 3.755845 -0.600791
v 0.493632 3.735299 -0.600791
v -0.433334 3.755845 -0.600791
v -0.589081 3.702776 -0.600791
v -0.268630 3.794215 -0.600791
v -0.299043 3.789845 -0.600791
v -0.129001 3.806570 -0.600791
v 0.493632 2.079060 -0.600791
v -0.589081 2.079060 -0.600791
v -0.735781 1.233381 -1.612351
v -0.735781 1.503028 -1.612351
v -0.706965 1.233381 -1.563381
v -0.706965 1.503028 -1.563381
v -1.031256 1.233381 -1.449690
v -1.031256 1.503028 -1.449690
v -1.002440 1.233381 -1.400720
v -1.002440 1.503028 -1.400720
v -0.493207 -0.027811 -1.695457
v -0.493207 1.758418 -1.695457
v -0.493207 -0.027811 -1.770642
v -0.493207 1.758418 -1.770642
v 0.328866 -0.027811 -1.695457
v 0.328866 1.758418 -1.695457
v 0.328866 -0.027811 -1.770642
v 0.328866 1.758418 -1.770642
v 0.335461 1.605266 -1.781002
v 0.335461 1.511296 -1.781002
v 0.335461 1.605266 -1.761230
v 0.335461 1.511296 -1.761230
v 0.322624 1.605266 -1.781002
v 0.322624 1.511296 -1.781002
v 0.322624 1.605266 -1.761230
v 0.322624 1.511296 -1.761230
v 0.335461 0.215000 -1.781002
v 0.335461 0.121030 -1.781002
v 0.335461 0.215000 -1.761230
v 0.335461 0.121030 -1.761230
v 0.322624 0.215000 -1.781002
v 0.322624 0.121030 -1.781002
v 0.322624 0.215000 -1.761230
v 0.322624 0.121030 -1.761230
v -0.430668 0.847458 -1.771443
v -0.430668 1.046157 -1.771443
v -0.430668 0.847458 -1.787873
v -0.430668 1.046157 -1.787873
v -0.382627 0.847458 -1.771443
v -0.382627 1.046157 -1.771443
v -0.382627 0.847458 -1.787873
v -0.382627 1.046157 -1.787873
v -0.406851 0.962516 -1.811315
v -0.393259 0.980639 -1.803468
v -0.393259 0.962516 -1.803468
v -0.393259 0.980639 -1.787773
v -0.393259 0.962516 -1.787773
v -0.406851 0.980639 -1.779926
v -0.406851 0.962516 -1.779926
v -0.406851 0.953455 -1.795621
v -0.406851 0.989700 -1.795621
v -0.420443 0.980639 -1.787773
v -0.420443 0.962516 -1.787773
v -0.420443 0.980639 -1.803468
v -0.420443 0.962516 -1.803468
v -0.406851 0.962516 -1.779926
v -0.406851 0.980639 -1.779926
v -0.406851 0.980639 -1.811315
v -0.393259 0.962516 -1.787773
v -0.393259 0.980639 -1.787773
v 0.491056 1.043802 -1.680096
v 0.491056 1.572727 -1.680096
v 0.511647 1.043802 -1.723005
v 0.511647 1.572727 -1.723005
v 1.074600 1.043802 -1.400074
v 1.074600 1.572727 -1.400074
v 1.095190 1.043802 -1.442982
v 1.095190 1.572727 -1.442982
v 0.074133 3.887533 -0.381564
v 0.142643 3.887533 -0.360782
v 0.277029 3.781008 -0.685219
v 0.205781 3.887533 -0.327034
v 0.400880 3.781008 -0.619019
v 0.261123 3.887533 -0.281616
v 0.306541 3.887533 -0.226275
v 0.002886 3.923502 -0.023379
v 0.340289 3.887533 -0.163136
v 0.361071 3.887533 -0.094627
v 0.368088 3.887533 -0.023379
v 0.361071 3.887533 0.047868
v 0.340289 3.887533 0.116378
v 0.306541 3.887533 0.179516
v 0.261123 3.887533 0.234858
v 0.205781 3.887533 0.280276
v 0.400880 3.781008 0.572261
v 0.142643 3.887533 0.314024
v 0.277029 3.781008 0.638461
v 0.400880 3.608019 0.937463
v 0.074133 3.887533 0.334806
v 0.142643 3.781008 0.679226
v 0.205781 3.608019 0.996646
v 0.261123 3.375216 1.274867
v 0.306540 3.091545 1.503196
v 0.340289 2.767907 1.672861
v 0.361071 2.416739 1.777339
v 0.368088 2.078371 1.812617
v 0.002886 3.887533 0.341823
v 0.002886 3.781008 0.692991
v 0.002886 3.608019 1.016629
v 0.002886 3.375216 1.300301
v 0.002886 3.091545 1.533103
v 0.002886 2.767907 1.706092
v 0.002886 2.416739 1.812618
v 0.002885 2.078371 1.848586
v -0.068362 3.887533 0.334806
v -0.136871 3.781008 0.679226
v -0.200010 3.608019 0.996646
v -0.255351 3.375216 1.274867
v -0.300769 3.091545 1.503196
v -0.334517 2.767907 1.672861
v -0.355300 2.416739 1.777339
v -0.362317 2.078371 1.812617
v -0.136871 3.887533 0.314024
v -0.271257 3.781008 0.638461
v -0.395108 3.608019 0.937463
v -0.503665 3.375216 1.199542
v -0.200010 3.887533 0.280275
v -0.395108 3.781008 0.572261
v -0.574912 3.608019 0.841356
v -0.255351 3.887533 0.234858
v -0.503665 3.781008 0.483171
v -0.300769 3.887533 0.179516
v -0.334517 3.887533 0.116378
v -0.355299 3.887533 0.047868
v -0.362316 3.887533 -0.023379
v -0.355299 3.887533 -0.094627
v -0.334517 3.887533 -0.163136
v -0.300769 3.887533 -0.226275
v -0.255351 3.887533 -0.281616
v -0.503664 3.781008 -0.529929
v -0.200010 3.887533 -0.327034
v -0.395108 3.781008 -0.619019
v -0.136871 3.887533 -0.360782
v -0.271257 3.781008 -0.685219
v -0.068362 3.887533 -0.381564
v 0.002886 3.887533 -0.388581
v 0.521378 3.781008 -0.540531
v 0.521378 3.786549 -0.517011
v 0.521378 3.818223 -0.353214
v 0.521378 3.836237 -0.227848
v 0.521378 3.845641 -0.121569
v 0.521378 3.848574 -0.023379
v 0.521378 3.845641 0.074811
v 0.521378 3.836237 0.181090
v 0.521378 3.818223 0.306456
v 0.521378 3.786549 0.470253
v 0.521378 3.781008 0.493773
v 0.521378 3.688994 0.715394
v 0.521378 3.608019 0.886344
v 0.521378 3.402919 1.168355
v 0.521378 3.375216 1.203460
v 0.521378 3.091545 1.445567
v 0.521378 2.767907 1.625469
v 0.521378 2.416739 1.736252
v 0.521378 2.078371 1.773658
v -0.610065 3.091545 1.416613
v -0.610065 2.767907 1.596515
v -0.610065 2.416739 1.707298
v -0.610065 2.078371 1.744704
v -0.610065 3.112431 1.398788
v -0.610065 3.591352 0.858243
v -0.610065 3.375216 1.155428
v -0.610065 3.718621 0.565702
v -0.610065 3.608019 0.832096
v -0.610065 3.781008 0.382607
v -0.610065 3.783401 0.370232
v -0.610065 3.804897 0.220626
v -0.610065 3.816119 0.093796
v -0.610065 3.819620 -0.023379
v -0.610065 3.816119 -0.140555
v -0.610065 3.804897 -0.267384
v -0.610065 3.783401 -0.416991
v -0.610065 3.781008 -0.429365
v -0.610065 3.718621 -0.612460
v 0.002886 3.792635 -0.701417
v 0.137756 3.788606 -0.701417
v 0.223634 3.781008 -0.701417
v 0.283738 3.771636 -0.701417
v 0.455936 3.728038 -0.701417
v 0.521378 3.714211 -0.701417
v -0.610065 3.681688 -0.701417
v -0.450164 3.728038 -0.701417
v -0.277966 3.771636 -0.701417
v -0.217861 3.781008 -0.701417
v -0.131984 3.788606 -0.701417
v -0.610065 2.078371 -0.701417
v 0.521378 2.078371 -0.701417
v 0.000000 1.861481 -1.788052
v 0.000000 1.943316 -1.788053
v 0.348832 1.861481 -1.753695
v 0.348832 1.943316 -1.753696
v 0.684258 1.861481 -1.651945
v 0.684258 1.943316 -1.651945
v 0.993389 1.861481 -1.486711
v 0.993389 1.943316 -1.486711
v 1.264344 1.861481 -1.264344
v 1.264344 1.943316 -1.264344
v 1.486711 1.861481 -0.993389
v 1.486711 1.943316 -0.993389
v 1.651945 1.861481 -0.684258
v 1.651945 1.943316 -0.684258
v 1.753695 1.861481 -0.348832
v 1.753696 1.943316 -0.348832
v 1.788052 1.861481 0.000000
v 1.788053 1.943316 0.000000
v 1.753695 1.861481 0.348832
v 1.753696 1.943316 0.348832
v 1.651945 1.861481 0.684258
v 1.651945 1.943316 0.684258
v 1.486711 1.861481 0.993389
v 1.486711 1.943316 0.993389
v 1.264344 1.861481 1.264344
v 1.264344 1.943316 1.264344
v 0.993389 1.861481 1.486711
v 0.993389 1.943316 1.486711
v 0.684258 1.861481 1.651945
v 0.684258 1.943316 1.651945
v 0.348832 1.861481 1.753695
v 0.348832 1.943316 1.753696
v 0.000000 1.861481 1.788052
v 0.000000 1.943316 1.788053
v -0.348832 1.861481 1.753695
v -0.348832 1.943316 1.753696
v -0.684258 1.861481 1.651945
v -0.684258 1.943316 1.651945
v -0.993389 1.861481 1.486711
v -0.993389 1.943316 1.486711
v -1.264344 1.861481 1.264344
v -1.264344 1.943316 1.264344
v -1.486711 1.861481 0.993389
v -1.486711 1.943316 0.993389
v -1.651945 1.861481 0.684258
v -1.651945 1.943316 0.684258
v -1.753695 1.861481 0.348832
v -1.753696 1.943316 0.348832
v -1.788052 1.861481 0.000000
v -1.788053 1.943316 0.000000
v -1.753695 1.861481 -0.348832
v -1.753696 1.943316 -0.348832
v -1.651945 1.861481 -0.684258
v -1.651945 1.943316 -0.684258
v -1.486711 1.861481 -0.993389
v -1.486711 1.943316 -0.993389
v -1.264344 1.861481 -1.264344
v -1.264344 1.943316 -1.264344
v -0.993389 1.861481 -1.486711
v -0.993389 1.943316 -1.486711
v -0.684258 1.861481 -1.651945
v -0.684258 1.943316 -1.651945
v -0.348832 1.861481 -1.753695
v -0.348832 1.943316 -1.753696
v 1.741169 1.250705 0.070046
v 1.741169 1.591815 0.070046
v 1.741169 1.250705 -0.181147
v 1.741169 1.591815 -0.181147
v 1.771599 1.250705 0.070046
v 1.771599 1.591815 0.070046
v 1.771599 1.250705 -0.181147
v 1.771599 1.591815 -0.181147
v 1.434022 0.509461 -0.925656
v 1.493531 0.509448 -0.957067
v 1.437722 0.482429 -0.918634
v 1.497231 0.482416 -0.950045
v 1.447658 0.463980 -0.899802
v 1.507167 0.463966 -0.931213
v 1.460675 0.459970 -0.875140
v 1.520184 0.459957 -0.906551
v 1.472640 0.471674 -0.852477
v 1.532149 0.471660 -0.883888
v 1.479754 0.495375 -0.839009
v 1.539263 0.495361 -0.870420
v 1.479759 0.523548 -0.839012
v 1.539268 0.523535 -0.870423
v 1.472653 0.547249 -0.852484
v 1.532162 0.547235 -0.883895
v 1.460693 0.558952 -0.875149
v 1.520202 0.558939 -0.906560
v 1.447674 0.554943 -0.899811
v 1.507183 0.554929 -0.931222
v 1.437732 0.536493 -0.918639
v 1.497241 0.536480 -0.950050
v 1.696964 1.728199 -0.109745
v 1.778538 1.728183 -0.109745
v 1.696959 1.701167 -0.101807
v 1.778533 1.701151 -0.101807
v 1.696955 1.682718 -0.080515
v 1.778529 1.682701 -0.080515
v 1.696954 1.678708 -0.052629
v 1.778528 1.678692 -0.052629
v 1.696957 1.690412 -0.027002
v 1.778531 1.690395 -0.027002
v 1.696962 1.714113 -0.011770
v 1.778535 1.714096 -0.011770
v 1.696967 1.742286 -0.011770
v 1.778541 1.742270 -0.011770
v 1.696972 1.765987 -0.027002
v 1.778546 1.765970 -0.027002
v 1.696974 1.777690 -0.052629
v 1.778548 1.777674 -0.052629
v 1.696973 1.773681 -0.080515
v 1.778547 1.773664 -0.080515
v 1.696970 1.755231 -0.101807
v 1.778544 1.755215 -0.101807
v 1.427623 1.713935 -0.901054
v 1.507069 1.713917 -0.943343
v 1.431348 1.686903 -0.894045
v 1.510794 1.686885 -0.936333
v 1.441350 1.668453 -0.875248
v 1.520795 1.668435 -0.917537
v 1.454452 1.664444 -0.850631
v 1.533898 1.664426 -0.892920
v 1.466496 1.676147 -0.828010
v 1.545942 1.676129 -0.870299
v 1.473657 1.699848 -0.814567
v 1.553103 1.699830 -0.856856
v 1.473662 1.728021 -0.814570
v 1.553108 1.728004 -0.856859
v 1.466509 1.751722 -0.828017
v 1.545955 1.751704 -0.870306
v 1.454470 1.763426 -0.850640
v 1.533915 1.763408 -0.892929
v 1.441366 1.759416 -0.875256
v 1.520812 1.759398 -0.917545
v 1.431358 1.740967 -0.894050
v 1.510804 1.740949 -0.936339
v 1.515908 1.738841 0.739656
v 1.594672 1.738823 0.783203
v 1.512063 1.711809 0.746599
v 1.590827 1.711791 0.790146
v 1.501758 1.693359 0.765231
v 1.580521 1.693341 0.808778
v 1.488264 1.689350 0.789636
v 1.567027 1.689332 0.833183
v 1.475866 1.701053 0.812064
v 1.554629 1.701035 0.855611
v 1.468500 1.724754 0.825396
v 1.547264 1.724736 0.868944
v 1.468505 1.752927 0.825399
v 1.547269 1.752909 0.868946
v 1.475879 1.776628 0.812072
v 1.554643 1.776610 0.855619
v 1.488281 1.788332 0.789645
v 1.567044 1.788314 0.833192
v 1.501774 1.784322 0.765240
v 1.580537 1.784304 0.808787
v 1.512073 1.765873 0.746605
v 1.590836 1.765855 0.790152
v 1.684639 0.515033 -0.123918
v 1.774639 0.515015 -0.123918
v 1.684633 0.488001 -0.115981
v 1.774633 0.487983 -0.115981
v 1.684629 0.469551 -0.094689
v 1.774630 0.469533 -0.094689
v 1.684629 0.465542 -0.066803
v 1.774629 0.465524 -0.066803
v 1.684631 0.477245 -0.041175
v 1.774631 0.477227 -0.041175
v 1.684636 0.500946 -0.025944
v 1.774636 0.500928 -0.025944
v 1.684641 0.529119 -0.025944
v 1.774641 0.529101 -0.025944
v 1.684646 0.552820 -0.041175
v 1.774646 0.552802 -0.041175
v 1.684649 0.564524 -0.066803
v 1.774649 0.564506 -0.066803
v 1.684648 0.560514 -0.094689
v 1.774648 0.560496 -0.094689
v 1.684644 0.542065 -0.115981
v 1.774644 0.542047 -0.115981
v 1.516041 0.505493 0.731259
v 1.595363 0.505475 0.773779
v 1.512286 0.478461 0.738252
v 1.591608 0.478443 0.780772
v 1.502223 0.460011 0.757016
v 1.581546 0.459994 0.799536
v 1.489048 0.456002 0.781594
v 1.568370 0.455984 0.824114
v 1.476942 0.467706 0.804182
v 1.556265 0.467688 0.846702
v 1.469750 0.491406 0.817608
v 1.549073 0.491389 0.860129
v 1.469755 0.519580 0.817611
v 1.549078 0.519562 0.860131
v 1.476956 0.543281 0.804189
v 1.556278 0.543263 0.846709
v 1.489065 0.554984 0.781603
v 1.568388 0.554966 0.824123
v 1.502240 0.550975 0.757025
v 1.581562 0.550957 0.799545
v 1.512296 0.532525 0.738257
v 1.591618 0.532507 0.780778
v 1.015421 0.511555 1.346857
v 1.071956 0.511555 1.416884
v 1.009245 0.484523 1.351843
v 1.065780 0.484523 1.421870
v 0.992678 0.466073 1.365218
v 1.049213 0.466073 1.435245
v 0.970980 0.462064 1.382735
v 1.027515 0.462064 1.452762
v 0.951040 0.473767 1.398833
v 1.007575 0.473767 1.468860
v 0.939189 0.497468 1.408401
v 0.995723 0.497468 1.478428
v 0.939189 0.525641 1.408401
v 0.995723 0.525641 1.478428
v 0.951040 0.549342 1.398833
v 1.007575 0.549342 1.468860
v 0.970980 0.561046 1.382735
v 1.027515 0.561046 1.452762
v 0.992678 0.557036 1.365218
v 1.049213 0.557036 1.435245
v 1.009245 0.538587 1.351843
v 1.065780 0.538587 1.421870
v 0.181082 0.470627 1.668119
v 0.191724 0.470627 1.757488
v 0.173200 0.443595 1.669057
v 0.183842 0.443595 1.758426
v 0.152058 0.425146 1.671575
v 0.162700 0.425146 1.760944
v 0.124367 0.421136 1.674873
v 0.135009 0.421136 1.764241
v 0.098919 0.432840 1.677903
v 0.109562 0.432840 1.767272
v 0.083795 0.456541 1.679704
v 0.094437 0.456541 1.769073
v 0.083795 0.484714 1.679704
v 0.094437 0.484714 1.769073
v 0.098919 0.508415 1.677903
v 0.109562 0.508415 1.767272
v 0.124367 0.520118 1.674873
v 0.135009 0.520118 1.764241
v 0.152058 0.516109 1.671575
v 0.162700 0.516109 1.760944
v 0.173200 0.497659 1.669057
v 0.183842 0.497659 1.758426
v -0.710351 0.447763 1.528266
v -0.755225 0.447745 1.606281
v -0.717229 0.420731 1.524304
v -0.762102 0.420713 1.602319
v -0.735683 0.402281 1.513685
v -0.780557 0.402263 1.591700
v -0.759856 0.398272 1.499780
v -0.804730 0.398254 1.577795
v -0.782072 0.409975 1.487004
v -0.826945 0.409957 1.565019
v -0.795278 0.433676 1.479414
v -0.840151 0.433658 1.557429
v -0.795280 0.461849 1.479419
v -0.840154 0.461832 1.557434
v -0.782079 0.485550 1.487017
v -0.826953 0.485532 1.565032
v -0.759866 0.497254 1.499797
v -0.804739 0.497236 1.577812
v -0.735693 0.493244 1.513700
v -0.780566 0.493227 1.591715
v -0.717234 0.474795 1.524313
v -0.762108 0.474777 1.602328
v -1.305925 1.698142 1.061803
v -1.376508 1.698124 1.117643
v -1.310845 1.671110 1.055575
v -1.381428 1.671092 1.111415
v -1.324053 1.652660 1.038875
v -1.394636 1.652642 1.094714
v -1.341354 1.648651 1.017004
v -1.411937 1.648633 1.072844
v -1.357256 1.660355 0.996907
v -1.427839 1.660337 1.052747
v -1.366710 1.684056 0.984965
v -1.437293 1.684038 1.040805
v -1.366715 1.712229 0.984968
v -1.437297 1.712211 1.040808
v -1.357268 1.735930 0.996916
v -1.427851 1.735912 1.052756
v -1.341370 1.747633 1.017016
v -1.411952 1.747615 1.072856
v -1.324067 1.743624 1.038886
v -1.394650 1.743606 1.094726
v -1.310854 1.725174 1.055582
v -1.381436 1.725156 1.111422
v -1.304194 0.451527 1.061312
v -1.374875 0.451148 1.117026
v -1.308523 0.424273 1.055635
v -1.379203 0.423894 1.111350
v -1.321298 0.405204 1.039298
v -1.391979 0.404825 1.095013
v -1.338465 0.400374 1.017488
v -1.409145 0.399996 1.073202
v -1.354572 0.411318 0.997128
v -1.425253 0.410939 1.052842
v -1.364507 0.434559 0.984683
v -1.435187 0.434180 1.040397
v -1.365114 0.462720 0.984104
v -1.435794 0.462341 1.039819
v -1.356201 0.486859 0.995575
v -1.426881 0.486480 1.051290
v -1.340598 0.499313 1.015455
v -1.411278 0.498934 1.071169
v -1.323258 0.496127 1.037430
v -1.393939 0.495748 1.093145
v -1.309687 0.478313 1.054525
v -1.380368 0.477934 1.110240
v -1.677999 0.467594 0.186354
v -1.767872 0.467576 0.191130
v -1.678415 0.440562 0.178428
v -1.768288 0.440544 0.183203
v -1.679541 0.422113 0.157166
v -1.769414 0.422095 0.161941
v -1.681020 0.418103 0.129318
v -1.770893 0.418085 0.134094
v -1.682382 0.429807 0.103727
v -1.772255 0.429789 0.108503
v -1.683195 0.453508 0.088517
v -1.773068 0.453490 0.093293
v -1.683200 0.481681 0.088518
v -1.773073 0.481663 0.093293
v -1.682397 0.505382 0.103728
v -1.772270 0.505364 0.108504
v -1.681039 0.517085 0.129319
v -1.770912 0.517067 0.134095
v -1.679559 0.513076 0.157167
v -1.769432 0.513058 0.161942
v -1.678425 0.494626 0.178428
v -1.768299 0.494608 0.183204
v -1.671552 1.690139 0.183046
v -1.761138 1.690121 0.191677
v -1.672308 1.663107 0.175145
v -1.761893 1.663089 0.183776
v -1.674346 1.644657 0.153951
v -1.763932 1.644639 0.162582
v -1.677020 1.640648 0.126193
v -1.766605 1.640630 0.134823
v -1.679479 1.652351 0.100684
v -1.769065 1.652333 0.109314
v -1.680945 1.676052 0.085523
v -1.770530 1.676034 0.094154
v -1.680950 1.704226 0.085523
v -1.770536 1.704208 0.094154
v -1.679495 1.727926 0.100685
v -1.769080 1.727908 0.109316
v -1.677039 1.739630 0.126195
v -1.766624 1.739612 0.134825
v -1.674364 1.735621 0.153953
v -1.763950 1.735603 0.162583
v -1.672319 1.717171 0.175146
v -1.761904 1.717153 0.183777
v -1.485542 1.689596 -0.780107
v -1.565949 1.689596 -0.820539
v -1.489108 1.716629 -0.773016
v -1.569515 1.716629 -0.813448
v -1.498673 1.735078 -0.753994
v -1.579080 1.735078 -0.794426
v -1.511201 1.739088 -0.729080
v -1.591608 1.739088 -0.769512
v -1.522714 1.727384 -0.706184
v -1.603121 1.727384 -0.746616
v -1.529557 1.703683 -0.692576
v -1.609964 1.703683 -0.733008
v -1.529557 1.675510 -0.692576
v -1.609964 1.675510 -0.733008
v -1.522714 1.651809 -0.706184
v -1.603121 1.651809 -0.746616
v -1.511201 1.640105 -0.729080
v -1.591608 1.640105 -0.769512
v -1.498673 1.644115 -0.753994
v -1.579080 1.644115 -0.794426
v -1.489108 1.662564 -0.773016
v -1.569515 1.662564 -0.813448
v -1.551745 0.457672 -0.673331
v -1.630924 0.457654 -0.716118
v -1.547967 0.430640 -0.680312
v -1.627146 0.430622 -0.723098
v -1.537842 0.412190 -0.699042
v -1.617021 0.412172 -0.741828
v -1.524584 0.408181 -0.723575
v -1.603763 0.408163 -0.766361
v -1.512402 0.419884 -0.746123
v -1.591582 0.419866 -0.788909
v -1.505165 0.443585 -0.759525
v -1.584345 0.443567 -0.802311
v -1.505170 0.471758 -0.759528
v -1.584350 0.471741 -0.802314
v -1.512416 0.495459 -0.746130
v -1.591595 0.495441 -0.788916
v -1.524601 0.507163 -0.723585
v -1.603780 0.507145 -0.766371
v -1.537858 0.503153 -0.699051
v -1.617037 0.503136 -0.741837
v -1.547976 0.484704 -0.680317
v -1.627156 0.484686 -0.723103
vn 0.0286 0.9565 -0.2902
vn 0.0464 0.8810 -0.4709
vn 0.0624 0.7715 -0.6332
vn 0.0759 0.6326 -0.7708
vn 0.0865 0.4696 -0.8786
vn 0.0938 0.2890 -0.9527
vn 0.0975 0.0975 -0.9904
vn 0.0097 0.9951 -0.0980
vn 0.2889 0.0976 -0.9524
vn 0.0286 0.9951 -0.0942
vn 0.0846 0.9565 -0.2790
vn 0.1374 0.8810 -0.4528
vn 0.1847 0.7715 -0.6088
vn 0.2248 0.6326 -0.7412
vn 0.2563 0.4696 -0.8448
vn 0.2779 0.2890 -0.9161
vn 0.3651 0.6326 -0.6831
vn 0.4162 0.4696 -0.7786
vn 0.4513 0.2890 -0.8443
vn 0.4691 0.0975 -0.8777
vn 0.0464 0.9951 -0.0869
vn 0.1374 0.9565 -0.2571
vn 0.2231 0.8810 -0.4173
vn 0.2999 0.7715 -0.5611
vn 0.1850 0.9565 -0.2254
vn 0.3002 0.8810 -0.3658
vn 0.4036 0.7715 -0.4918
vn 0.4913 0.6326 -0.5987
vn 0.5601 0.4696 -0.6825
vn 0.6073 0.2890 -0.7400
vn 0.6314 0.0975 -0.7693
vn 0.0625 0.9951 -0.0761
vn 0.6825 0.4696 -0.5601
vn 0.7400 0.2890 -0.6073
vn 0.7693 0.0975 -0.6314
vn 0.0761 0.9951 -0.0625
vn 0.2254 0.9565 -0.1850
vn 0.3658 0.8810 -0.3002
vn 0.4918 0.7715 -0.4036
vn 0.5987 0.6326 -0.4913
vn 0.2571 0.9565 -0.1374
vn 0.4173 0.8810 -0.2230
vn 0.5611 0.7715 -0.2999
vn 0.6831 0.6326 -0.3651
vn 0.7786 0.4696 -0.4162
vn 0.8443 0.2890 -0.4513
vn 0.8777 0.0975 -0.4691
vn 0.0869 0.9951 -0.0464
vn 0.8448 0.4696 -0.2563
vn 0.9161 0.2890 -0.2779
vn 0.9524 0.0975 -0.2889
vn 0.0942 0.9951 -0.0286
vn 0.2790 0.9565 -0.0846
vn 0.4528 0.8810 -0.1374
vn 0.6088 0.7715 -0.1847
vn 0.7412 0.6326 -0.2248
vn 0.4709 0.8810 -0.0464
vn 0.6332 0.7715 -0.0624
vn 0.7708 0.6326 -0.0759
vn 0.8786 0.4696 -0.0865
vn 0.9527 0.2890 -0.0938
vn 0.9904 0.0975 -0.0975
vn 0.0980 0.9951 -0.0097
vn 0.2902 0.9565 -0.0286
vn 0.9527 0.2890 0.0938
vn 0.9904 0.0975 0.0976
vn 0.0980 0.9951 0.0097
vn 0.2902 0.9565 0.0286
vn 0.4709 0.8810 0.0464
vn 0.6332 0.7715 0.0624
vn 0.7708 0.6326 0.0759
vn 0.8786 0.4696 0.0865
vn 0.4528 0.8810 0.1374
vn 0.6088 0.7715 0.1847
vn 0.7412 0.6326 0.2248
vn 0.8448 0.4696 0.2563
vn 0.9161 0.2890 0.2779
vn 0.9524 0.0975 0.2889
vn 0.0942 0.9951 0.0286
vn 0.2790 0.9565 0.0846
vn 0.8443 0.2890 0.4513
vn 0.8777 0.0975 0.4691
vn 0.0869 0.9951 0.0464
vn 0.2571 0.9565 0.1374
vn 0.4173 0.8810 0.2231
vn 0.5611 0.7715 0.2999
vn 0.6831 0.6326 0.3651
vn 0.7786 0.4696 0.4162
vn 0.4918 0.7715 0.4036
vn 0.5987 0.6326 0.4913
vn 0.6825 0.4696 0.5601
vn 0.7400 0.2890 0.6073
vn 0.7693 0.0975 0.6314
vn 0.0761 0.9951 0.0625
vn 0.2254 0.9565 0.1850
vn 0.3658 0.8810 0.3002
vn 0.6314 0.0975 0.7693
vn 0.0625 0.9951 0.0761
vn 0.1850 0.9565 0.2254
vn 0.3002 0.8810 0.3658
vn 0.4036 0.7715 0.4918
vn 0.4913 0.6326 0.5987
vn 0.5601 0.4696 0.6825
vn 0.6073 0.2890 0.7400
vn 0.3651 0.6326 0.6831
vn 0.4162 0.4696 0.7786
vn 0.4513 0.2890 0.8443
vn 0.4691 0.0975 0.8777
vn 0.0464 0.9951 0.0869
vn 0.1374 0.9565 0.2571
vn 0.2230 0.8810 0.4173
vn 0.2999 0.7715 0.5611
vn 0.0286 0.9951 0.0942
vn 0.0846 0.9565 0.2790
vn 0.1374 0.8810 0.4528
vn 0.1847 0.7715 0.6088
vn 0.2248 0.6326 0.7412
vn 0.2563 0.4696 0.8448
vn 0.2779 0.2890 0.9161
vn 0.2889 0.0975 0.9524
vn 0.0759 0.6326 0.7708
vn 0.0865 0.4696 0.8786
vn 0.0938 0.2890 0.9527
vn 0.0975 0.0975 0.9904
vn 0.0097 0.9951 0.0980
vn 0.0286 0.9565 0.2902
vn 0.0464 0.8810 0.4709
vn 0.0624 0.7715 0.6332
vn -0.0286 0.9565 0.2902
vn -0.0464 0.8810 0.4709
vn -0.0624 0.7715 0.6332
vn -0.0759 0.6326 0.7708
vn -0.0865 0.4696 0.8786
vn -0.0938 0.2890 0.9527
vn -0.0976 0.0975 0.9904
vn -0.0097 0.9951 0.0980
vn -0.2563 0.4696 0.8448
vn -0.2779 0.2890 0.9161
vn -0.2889 0.0975 0.9524
vn -0.0286 0.9951 0.0942
vn -0.0846 0.9565 0.2790
vn -0.1374 0.8810 0.4528
vn -0.1847 0.7715 0.6088
vn -0.2248 0.6326 0.7412
vn -0.1374 0.9565 0.2571
vn -0.2230 0.8810 0.4173
vn -0.2999 0.7715 0.5611
vn -0.3651 0.6326 0.6831
vn -0.4162 0.4696 0.7786
vn -0.4513 0.2890 0.8443
vn -0.4691 0.0975 0.8777
vn -0.0464 0.9951 0.0869
vn -0.5601 0.4696 0.6825
vn -0.6073 0.2890 0.7400
vn -0.6314 0.0975 0.7693
vn -0.0625 0.9951 0.0761
vn -0.1850 0.9565 0.2254
vn -0.3002 0.8810 0.3658
vn -0.4036 0.7715 0.4918
vn -0.4913 0.6326 0.5987
vn -0.3658 0.8810 0.3002
vn -0.4918 0.7715 0.4036
vn -0.5987 0.6326 0.4913
vn -0.6825 0.4696 0.5601
vn -0.7400 0.2890 0.6073
vn -0.7693 0.0975 0.6314
vn -0.0761 0.9951 0.0625
vn -0.2254 0.9565 0.1850
vn -0.8443 0.2890 0.4513
vn -0.8777 0.0975 0.4691
vn -0.0869 0.9951 0.0464
vn -0.2571 0.9565 0.1374
vn -0.4173 0.8810 0.2230
vn -0.5611 0.7715 0.2999
vn -0.6831 0.6326 0.3651
vn -0.7786 0.4696 0.4162
vn -0.6088 0.7715 0.1847
vn -0.7412 0.6326 0.2248
vn -0.8448 0.4696 0.2563
vn -0.9161 0.2890 0.2779
vn -0.9524 0.0975 0.2889
vn -0.0942 0.9951 0.0286
vn -0.2790 0.9565 0.0846
vn -0.4528 0.8810 0.1374
vn -0.9904 0.0975 0.0975
vn -0.0980 0.9951 0.0097
vn -0.2902 0.9565 0.0286
vn -0.4709 0.8810 0.0464
vn -0.6332 0.7715 0.0624
vn -0.7708 0.6326 0.0759
vn -0.8786 0.4696 0.0865
vn -0.9527 0.2890 0.0938
vn -0.6332 0.7715 -0.0624
vn -0.7708 0.6326 -0.0759
vn -0.8786 0.4696 -0.0865
vn -0.9527 0.2890 -0.0938
vn -0.9904 0.0975 -0.0975
vn -0.0980 0.9951 -0.0097
vn -0.2902 0.9565 -0.0286
vn -0.4709 0.8810 -0.0464
vn -0.9524 0.0975 -0.2889
vn -0.0942 0.9951 -0.0286
vn -0.2790 0.9565 -0.0846
vn -0.4528 0.8810 -0.1374
vn -0.6088 0.7715 -0.1847
vn -0.7412 0.6326 -0.2248
vn -0.8448 0.4696 -0.2563
vn -0.9161 0.2890 -0.2779
vn -0.6831 0.6326 -0.3651
vn -0.7786 0.4696 -0.4162
vn -0.8443 0.2890 -0.4513
vn -0.8777 0.0975 -0.4691
vn -0.0869 0.9951 -0.0464
vn -0.2571 0.9565 -0.1374
vn -0.4173 0.8810 -0.2231
vn -0.5611 0.7715 -0.2999
vn -0.0761 0.9951 -0.0625
vn -0.2254 0.9565 -0.1850
vn -0.3658 0.8810 -0.3002
vn -0.4918 0.7715 -0.4036
vn -0.5987 0.6326 -0.4913
vn -0.6825 0.4696 -0.5601
vn -0.7400 0.2890 -0.6073
vn -0.7693 0.0975 -0.6314
vn -0.4913 0.6326 -0.5987
vn -0.5601 0.4696 -0.6825
vn -0.6073 0.2890 -0.7400
vn -0.6314 0.0975 -0.7693
vn -0.0625 0.9951 -0.0761
vn -0.1850 0.9565 -0.2254
vn -0.3002 0.8810 -0.3658
vn -0.4036 0.7715 -0.4918
vn -0.1374 0.9565 -0.2571
vn -0.2230 0.8810 -0.4173
vn -0.2999 0.7715 -0.5611
vn -0.3651 0.6326 -0.6831
vn -0.4162 0.4696 -0.7786
vn -0.4513 0.2890 -0.8443
vn -0.4691 0.0975 -0.8777
vn -0.0464 0.9951 -0.0869
vn -0.2563 0.4696 -0.8448
vn -0.2779 0.2890 -0.9161
vn -0.2889 0.0975 -0.9524
vn -0.0286 0.9951 -0.0942
vn -0.0846 0.9565 -0.2790
vn -0.1374 0.8810 -0.4528
vn -0.1847 0.7715 -0.6088
vn -0.2248 0.6326 -0.7412
vn -0.0464 0.8810 -0.4709
vn -0.0624 0.7715 -0.6332
vn -0.0759 0.6326 -0.7708
vn -0.0865 0.4696 -0.8786
vn -0.0938 0.2890 -0.9527
vn -0.0976 0.0975 -0.9904
vn -0.0097 0.9951 -0.0980
vn -0.0286 0.9565 -0.2902
vn -0.0000 -1.0000 -0.0000
vn 0.0980 -0.0000 -0.9952
vn 0.2903 -0.0000 -0.9569
vn 0.4714 -0.0000 -0.8819
vn 0.6344 -0.0000 -0.7730
vn 0.7730 -0.0000 -0.6344
vn 0.8819 -0.0000 -0.4714
vn 0.9569 -0.0000 -0.2903
vn 0.9952 -0.0000 -0.0980
vn 0.9952 -0.0000 0.0980
vn 0.9569 -0.0000 0.2903
vn 0.8819 -0.0000 0.4714
vn 0.7730 -0.0000 0.6344
vn 0.6344 -0.0000 0.7730
vn 0.4714 -0.0000 0.8819
vn 0.2903 -0.0000 0.9569
vn 0.0980 -0.0000 0.9952
vn -0.0980 -0.0000 0.9952
vn -0.2903 -0.0000 0.9569
vn -0.4714 -0.0000 0.8819
vn -0.6344 -0.0000 0.7730
vn -0.7730 -0.0000 0.6344
vn -0.8819 -0.0000 0.4714
vn -0.9569 -0.0000 0.2903
vn -0.9952 -0.0000 0.0980
vn -0.9952 -0.0000 -0.0980
vn -0.9569 -0.0000 -0.2903
vn -0.8819 -0.0000 -0.4714
vn -0.7730 -0.0000 -0.6344
vn -0.6344 -0.0000 -0.7730
vn -0.4714 -0.0000 -0.8819
vn -0.0000 1.0000 -0.0000
vn -0.2903 -0.0000 -0.9569
vn -0.0980 -0.0000 -0.9952
vn 0.0975 0.1028 -0.9899
vn 0.2887 0.1028 -0.9519
vn 0.0846 0.9566 -0.2790
vn 0.1374 0.9566 -0.2571
vn -0.2887 0.1028 -0.9519
vn -0.0975 0.1028 -0.9899
vn 1.0000 -0.0000 -0.0000
vn -1.0000 -0.0000 -0.0000
vn -0.0000 -0.0000 1.0000
vn 0.8619 -0.0000 -0.5072
vn 0.4823 -0.0000 0.8760
vn -0.8619 -0.0000 0.5072
vn -0.4823 -0.0000 -0.8760
vn -0.0000 -0.0000 -1.0000
vn 0.2774 -0.8320 -0.4804
vn 0.5000 -0.0000 -0.8660
vn 0.2774 0.8320 -0.4804
vn 0.5547 -0.8321 -0.0000
vn 0.5547 0.8321 -0.0000
vn 0.2773 -0.8321 0.4804
vn 0.2773 0.8321 0.4804
vn -0.2773 -0.8321 0.4804
vn -0.5000 -0.0000 0.8660
vn -0.2773 0.8321 0.4804
vn -0.5547 -0.8321 -0.0000
vn -0.5547 0.8321 -0.0000
vn -0.2774 -0.8320 -0.4804
vn -0.5000 -0.0000 -0.8660
vn -0.2774 0.8320 -0.4804
vn 0.5000 -0.0000 0.8660
vn -0.9016 -0.0000 -0.4326
vn 0.4326 -0.0000 -0.9016
vn 0.9016 -0.0000 0.4326
vn -0.4326 -0.0000 0.9016
vn 0.1570 0.9586 -0.2376
vn 0.1915 0.9065 -0.3763
vn 0.2048 0.9610 -0.1858
vn 0.2290 0.9635 -0.1384
vn 0.2431 0.9662 -0.0855
vn 0.2482 0.9683 -0.0289
vn 0.2482 0.9683 0.0289
vn 0.2431 0.9662 0.0855
vn 0.2296 0.9655 0.1227
vn 0.2092 0.9627 0.1717
vn 0.1553 0.9587 0.2384
vn 0.2423 0.8960 0.3720
vn 0.1787 0.8892 0.4212
vn 0.2421 0.7847 0.5707
vn 0.1662 0.7781 0.6057
vn 0.2043 0.6355 0.7446
vn 0.2283 0.4730 0.8510
vn 0.2422 0.2919 0.9253
vn 0.2469 0.1065 0.9632
vn 0.0975 0.1052 0.9897
vn -0.0975 0.1052 0.9897
vn -0.2377 0.4719 0.8490
vn -0.2555 0.2909 0.9220
vn -0.2636 0.1060 0.9588
vn -0.2221 0.6437 0.7323
vn -0.2231 0.8810 0.4173
vn -0.2929 0.7835 0.5480
vn -0.2910 0.6501 0.7019
vn -0.2896 0.8898 0.3528
vn -0.1402 0.8349 0.5322
vn -0.2916 0.9054 0.3085
vn -0.2150 0.9606 0.1764
vn -0.2385 0.9613 0.1381
vn -0.2565 0.9628 0.0852
vn -0.2650 0.9638 0.0288
vn -0.2643 0.9641 -0.0260
vn -0.2561 0.9635 -0.0777
vn -0.2400 0.9622 -0.1283
vn -0.2009 0.9569 -0.2096
vn -0.2916 0.9054 -0.3085
vn -0.2678 0.8819 -0.3880
vn -0.4479 -0.2817 -0.8485
vn -0.3058 -0.7558 -0.5791
vn -0.0666 -0.9898 -0.1258
vn 0.1938 -0.9096 0.3675
vn 0.3926 -0.5406 0.7440
vn 0.4668 -0.0000 0.8844
vn 0.3928 0.5406 0.7439
vn 0.1941 0.9096 0.3673
vn -0.0663 0.9898 -0.1259
vn 0.8844 -0.0002 -0.4668
vn -0.3056 0.7557 -0.5792
vn -0.4478 0.2817 -0.8486
vn -0.8844 0.0002 0.4668
vn -0.0001 -0.2817 -0.9595
vn -0.0002 -0.7557 -0.6549
vn -0.0002 -0.9898 -0.1423
vn -0.0002 -0.9096 0.4154
vn -0.0001 -0.5406 0.8413
vn 0.0001 0.5406 0.8413
vn 0.0002 0.9096 0.4154
vn 0.0002 0.9898 -0.1423
vn 1.0000 -0.0002 -0.0000
vn 0.0002 0.7557 -0.6549
vn 0.0001 0.2817 -0.9595
vn -1.0000 0.0002 -0.0000
vn -0.4509 -0.2817 -0.8470
vn -0.3078 -0.7558 -0.5780
vn -0.0670 -0.9898 -0.1255
vn 0.1950 -0.9096 0.3668
vn 0.3952 -0.5406 0.7427
vn 0.4699 -0.0000 0.8827
vn 0.3954 0.5406 0.7426
vn 0.1954 0.9096 0.3666
vn -0.0667 0.9898 -0.1257
vn 0.8827 -0.0002 -0.4699
vn -0.3076 0.7557 -0.5781
vn -0.4508 0.2817 -0.8470
vn -0.8827 0.0002 0.4699
vn 0.4642 -0.2817 -0.8397
vn 0.3167 -0.7557 -0.5732
vn 0.0687 -0.9898 -0.1246
vn -0.2012 -0.9096 0.3635
vn -0.4071 -0.5406 0.7362
vn -0.4839 -0.0000 0.8751
vn -0.4070 0.5406 0.7363
vn -0.2008 0.9096 0.3636
vn 0.0690 0.9898 -0.1245
vn 0.8751 -0.0002 0.4839
vn 0.3170 0.7557 -0.5730
vn 0.4643 0.2817 -0.8397
vn -0.8751 0.0002 -0.4839
vn 0.0002 0.7558 -0.6549
vn 0.4533 -0.2817 -0.8457
vn 0.3093 -0.7558 -0.5772
vn 0.0671 -0.9898 -0.1255
vn -0.1964 -0.9096 0.3660
vn -0.3975 -0.5406 0.7414
vn -0.4725 -0.0000 0.8814
vn -0.3974 0.5406 0.7415
vn -0.1961 0.9096 0.3662
vn 0.0674 0.9898 -0.1253
vn 0.8814 -0.0002 0.4724
vn 0.3095 0.7557 -0.5771
vn 0.4534 0.2817 -0.8456
vn -0.8814 0.0002 -0.4725
vn 0.7466 -0.2817 -0.6027
vn 0.5095 -0.7557 -0.4114
vn 0.1107 -0.9898 -0.0894
vn -0.3232 -0.9096 0.2609
vn -0.6546 -0.5406 0.5284
vn -0.7781 -0.0000 0.6282
vn -0.6546 0.5406 0.5284
vn -0.3232 0.9096 0.2609
vn 0.1107 0.9898 -0.0894
vn 0.6282 -0.0000 0.7781
vn 0.5095 0.7557 -0.4114
vn 0.7466 0.2817 -0.6027
vn -0.6282 -0.0000 -0.7781
vn 0.9528 -0.2817 -0.1135
vn 0.6503 -0.7558 -0.0774
vn 0.1413 -0.9898 -0.0168
vn -0.4125 -0.9096 0.0491
vn -0.8354 -0.5406 0.0995
vn -0.9930 -0.0000 0.1182
vn -0.8354 0.5406 0.0995
vn -0.4125 0.9096 0.0491
vn 0.1413 0.9898 -0.0168
vn 0.1182 -0.0000 0.9930
vn 0.6503 0.7557 -0.0774
vn 0.9528 0.2817 -0.1135
vn -0.1182 -0.0000 -0.9930
vn 0.8318 -0.2817 0.4783
vn 0.5677 -0.7557 0.3264
vn 0.1235 -0.9898 0.0708
vn -0.3600 -0.9096 -0.2073
vn -0.7292 -0.5406 -0.4195
vn -0.8668 -0.0000 -0.4986
vn -0.7293 0.5406 -0.4194
vn -0.3602 0.9096 -0.2070
vn 0.1233 0.9898 0.0711
vn -0.4986 -0.0002 0.8668
vn 0.5676 0.7557 0.3266
vn 0.8317 0.2817 0.4784
vn 0.4986 0.0002 -0.8668
vn 0.5954 -0.2817 0.7524
vn 0.4064 -0.7558 0.5135
vn 0.0885 -0.9898 0.1115
vn -0.2576 -0.9096 -0.3259
vn -0.5219 -0.5406 -0.6598
vn -0.6204 -0.0000 -0.7843
vn -0.5220 0.5406 -0.6597
vn -0.2579 0.9096 -0.3257
vn 0.0881 0.9898 0.1117
vn -0.7843 -0.0002 0.6204
vn 0.4062 0.7557 0.5137
vn 0.5953 0.2817 0.7525
vn 0.7843 0.0002 -0.6204
vn 0.5997 -0.2533 0.7591
vn 0.4214 -0.7361 0.5296
vn 0.1094 -0.9852 0.1321
vn -0.2374 -0.9215 -0.3075
vn -0.5088 -0.5652 -0.6493
vn -0.6187 -0.0295 -0.7851
vn -0.5321 0.5156 -0.6716
vn -0.2766 0.8970 -0.3448
vn 0.0667 0.9936 0.0914
vn -0.7853 -0.0042 0.6190
vn 0.3889 0.7747 0.4986
vn 0.5876 0.3099 0.7475
vn 0.7853 0.0042 -0.6191
vn 0.0510 -0.2817 0.9581
vn 0.0349 -0.7557 0.6539
vn 0.0077 -0.9898 0.1421
vn -0.0219 -0.9096 -0.4148
vn -0.0445 -0.5406 -0.8401
vn -0.0531 -0.0000 -0.9986
vn -0.0447 0.5406 -0.8401
vn -0.0222 0.9096 -0.4148
vn 0.0074 0.9898 0.1421
vn -0.9986 -0.0002 0.0531
vn 0.0346 0.7557 0.6539
vn 0.0509 0.2817 0.9581
vn 0.9986 0.0002 -0.0531
vn 0.0921 -0.2817 0.9551
vn 0.0629 -0.7557 0.6518
vn 0.0138 -0.9898 0.1416
vn -0.0397 -0.9096 -0.4135
vn -0.0806 -0.5406 -0.8374
vn -0.0959 -0.0000 -0.9954
vn -0.0808 0.5406 -0.8374
vn -0.0400 0.9096 -0.4135
vn 0.0135 0.9898 0.1417
vn -0.9954 -0.0002 0.0959
vn 0.0626 0.7557 0.6519
vn 0.0920 0.2817 0.9551
vn 0.9954 0.0002 -0.0959
vn 0.4310 0.2817 -0.8572
vn 0.2942 0.7557 -0.5851
vn 0.0639 0.9898 -0.1271
vn -0.1866 0.9096 0.3711
vn -0.3779 0.5406 0.7516
vn -0.4492 -0.0000 0.8934
vn -0.3779 -0.5406 0.7516
vn -0.1866 -0.9096 0.3711
vn 0.0639 -0.9898 -0.1271
vn -0.8934 -0.0000 -0.4492
vn 0.2942 -0.7557 -0.5851
vn 0.4310 -0.2817 -0.8572
vn 0.8934 -0.0000 0.4492
vn -0.4561 -0.2817 0.8442
vn -0.3112 -0.7557 0.5762
vn -0.0675 -0.9898 0.1253
vn 0.1977 -0.9096 -0.3654
vn 0.4000 -0.5406 -0.7401
vn 0.4754 -0.0000 -0.8798
vn 0.3998 0.5406 -0.7402
vn 0.1973 0.9096 -0.3656
vn -0.0678 0.9898 0.1251
vn -0.8798 -0.0002 -0.4754
vn -0.3115 0.7558 0.5761
vn -0.4562 0.2817 0.8441
vn 0.8798 0.0002 0.4754
vn 0.0975 0.0976 -0.9904
vn 0.2230 0.8810 -0.4173
vn 0.4173 0.8810 0.2230
vn -0.0975 0.0975 0.9904
vn -0.9904 0.0975 0.0976
vn -0.9904 0.0975 -0.0976
vn -0.2231 0.8810 -0.4173
vn 0.1478 0.9627 -0.2268
vn 0.2573 0.8819 -0.3950
vn 0.2092 0.9627 -0.1717
vn 0.2296 0.9655 -0.1227
vn 0.2407 0.9679 -0.0730
vn 0.2462 0.9689 -0.0243
vn 0.2462 0.9689 0.0243
vn 0.2407 0.9679 0.0730
vn 0.2290 0.9635 0.1384
vn 0.2048 0.9610 0.1858
vn 0.1678 0.9595 0.2261
vn 0.2231 0.8810 0.4173
vn 0.1475 0.7764 0.6127
vn 0.2004 0.6336 0.7473
vn 0.2234 0.4707 0.8535
vn 0.2376 0.2899 0.9271
vn 0.2449 0.1056 0.9638
vn -0.2356 0.4704 0.8504
vn -0.2537 0.2896 0.9229
vn -0.2629 0.1054 0.9590
vn -0.1762 0.6390 0.7487
vn -0.2086 0.6333 0.7453
vn -0.1004 0.8046 0.5852
vn -0.2430 0.7730 0.5860
vn -0.2371 0.8972 0.3725
vn -0.1254 0.8705 0.4759
vn -0.2088 0.9602 0.1857
vn -0.1995 0.9569 0.2110
vn -0.2400 0.9622 0.1283
vn -0.2561 0.9635 0.0777
vn -0.2643 0.9641 0.0260
vn -0.2650 0.9638 -0.0288
vn -0.2565 0.9628 -0.0852
vn -0.2385 0.9613 -0.1381
vn -0.1766 0.9664 -0.1869
vn -0.2147 0.9606 -0.1762
vn -0.2586 0.8921 -0.3704
vn -0.2723 0.9032 -0.3318
vn -0.1374 0.9566 -0.2571
vn -0.3058 -0.7557 -0.5791
vn -0.0663 0.9898 -0.1260
vn -0.0002 -0.7558 -0.6549
vn -0.4509 -0.2817 -0.8469
vn -0.3078 -0.7557 -0.5780
vn 0.8752 -0.0002 0.4838
vn -0.8752 0.0002 -0.4838
vn -0.4724 -0.0000 0.8814
vn 0.8814 -0.0002 0.4725
vn 0.3095 0.7558 -0.5771
vn -0.8814 0.0002 -0.4724
vn 0.5095 -0.7558 -0.4114
vn 0.6281 -0.0000 0.7781
vn 0.5095 0.7558 -0.4114
vn 0.6503 -0.7557 -0.0774
vn 0.6503 0.7558 -0.0774
vn 0.8317 -0.2817 0.4784
vn -0.7293 0.5406 -0.4193
vn 0.5676 0.7558 0.3266
vn 0.5954 -0.2817 0.7525
vn 0.4064 -0.7557 0.5135
vn -0.7842 -0.0002 0.6205
vn -0.7842 -0.0002 0.6204
vn 0.4062 0.7558 0.5137
vn 0.7842 0.0002 -0.6204
vn -0.5088 -0.5652 -0.6494
vn -0.7853 -0.0042 0.6191
vn 0.7854 0.0042 -0.6190
vn 0.7853 0.0042 -0.6190
vn -0.9986 -0.0002 0.0530
vn 0.0346 0.7558 0.6539
vn 0.9986 0.0002 -0.0530
vn 0.0629 -0.7558 0.6518
vn 0.2942 0.7558 -0.5851
vn -0.8934 -0.0000 -0.4493
vn 0.2942 -0.7558 -0.5851
vn -0.3112 -0.7558 0.5762
vn 0.1976 -0.9096 -0.3654
vn -0.3115 0.7557 0.5761
vt 0.927139 0.079943
vt 0.888896 0.099212
vt 0.915348 0.068573
vt 0.956845 0.057153
vt 0.939727 0.040647
vt 0.982882 0.037515
vt 0.961095 0.016507
vt 0.546289 0.052660
vt 0.501227 0.048559
vt 0.538616 0.027941
vt 0.587709 0.040087
vt 0.579183 0.012620
vt 0.630421 0.032344
vt 0.621370 0.003186
vt 0.663554 0.000000
vt 0.672783 0.029730
vt 0.894907 0.105008
vt 0.861386 0.131386
vt 0.533146 0.729953
vt 0.484001 0.762955
vt 0.490751 0.727903
vt 0.881827 0.094658
vt 0.901484 0.059640
vt 0.919599 0.027678
vt 0.935477 0.000000
vt 0.656336 0.765550
vt 0.611949 0.778290
vt 0.617561 0.749145
vt 0.569729 0.769509
vt 0.575965 0.737125
vt 0.526526 0.764331
vt 0.651564 0.790336
vt 0.608259 0.810640
vt 0.565629 0.805454
vt 0.522174 0.802490
vt 0.479564 0.801862
vt 0.873974 0.091521
vt 0.886078 0.053487
vt 0.897233 0.018745
vt 0.687051 0.805185
vt 0.648426 0.817847
vt 0.869723 0.050350
vt 0.873490 0.014191
vt 0.684586 0.826801
vt 0.647043 0.847027
vt 0.606633 0.844951
vt 0.563823 0.843579
vt 0.520256 0.842964
vt 0.477608 0.843129
vt 0.865636 0.089922
vt 0.564379 0.882420
vt 0.520847 0.884197
vt 0.478210 0.885169
vt 0.857135 0.089922
vt 0.853048 0.050350
vt 0.849282 0.014191
vt 0.683499 0.849727
vt 0.647469 0.876754
vt 0.607134 0.879907
vt 0.836694 0.053487
vt 0.825539 0.018745
vt 0.683834 0.873083
vt 0.649687 0.905886
vt 0.609742 0.914162
vt 0.567277 0.920482
vt 0.523923 0.924604
vt 0.481347 0.926368
vt 0.848798 0.091521
vt 0.572404 0.956304
vt 0.529366 0.962632
vt 0.486897 0.965141
vt 0.840944 0.094658
vt 0.821288 0.059640
vt 0.803173 0.027678
vt 0.685576 0.895972
vt 0.653611 0.933303
vt 0.614357 0.946401
vt 0.783045 0.040647
vt 0.761677 0.016506
vt 0.787295 0.000000
vt 0.659092 0.957952
vt 0.620801 0.975385
vt 0.579565 0.988510
vt 0.536968 0.996821
vt 0.494648 1.000000
vt 0.833876 0.099212
vt 0.807424 0.068573
vt 0.543813 0.368730
vt 0.577473 0.405631
vt 0.534762 0.397889
vt 0.501628 0.365544
vt 0.492400 0.395274
vt 0.827865 0.105008
vt 0.795633 0.079943
vt 0.765927 0.057153
vt 0.739890 0.037515
vt 0.665918 0.978885
vt 0.628828 1.000000
vt 0.626567 0.393485
vt 0.585999 0.378164
vt 0.786368 0.093312
vt 0.752478 0.076562
vt 0.722772 0.062218
vt 0.618893 0.418205
vt 0.652303 0.459845
vt 0.612865 0.447272
vt 0.570774 0.437929
vt 0.527650 0.432176
vt 0.485149 0.430233
vt 0.823142 0.111824
vt 0.566160 0.473816
vt 0.522752 0.470273
vt 0.480154 0.469077
vt 0.819889 0.119397
vt 0.779987 0.108167
vt 0.743213 0.098129
vt 0.687574 0.475166
vt 0.648771 0.487312
vt 0.608712 0.479569
vt 0.684800 0.496747
vt 0.646971 0.516471
vt 0.606595 0.513856
vt 0.563808 0.511914
vt 0.520254 0.510717
vt 0.477608 0.510313
vt 0.818231 0.127436
vt 0.776734 0.123938
vt 0.738491 0.121023
vt 0.520254 0.551954
vt 0.477608 0.552358
vt 0.818231 0.135634
vt 0.776734 0.140017
vt 0.738491 0.144367
vt 0.683385 0.519656
vt 0.646971 0.546201
vt 0.606595 0.548815
vt 0.563808 0.550758
vt 0.648771 0.575359
vt 0.608712 0.583102
vt 0.566160 0.588855
vt 0.522752 0.592398
vt 0.480154 0.593594
vt 0.819889 0.143673
vt 0.779987 0.155787
vt 0.743213 0.167261
vt 0.683385 0.543015
vt 0.823142 0.151246
vt 0.786368 0.170642
vt 0.752477 0.188828
vt 0.684800 0.565925
vt 0.652303 0.602826
vt 0.612865 0.615399
vt 0.570774 0.624742
vt 0.527650 0.630496
vt 0.485149 0.632438
vt 0.657430 0.627546
vt 0.618893 0.644467
vt 0.577473 0.657040
vt 0.534762 0.664783
vt 0.492400 0.667397
vt 0.827865 0.158062
vt 0.795632 0.184011
vt 0.765927 0.208237
vt 0.739889 0.229808
vt 0.722772 0.205105
vt 0.807423 0.195381
vt 0.783044 0.224743
vt 0.761676 0.250817
vt 0.663956 0.648568
vt 0.626567 0.669186
vt 0.585999 0.684507
vt 0.543813 0.693941
vt 0.183171 0.762698
vt 0.150038 0.730354
vt 0.192400 0.732969
vt 0.833876 0.163858
vt 0.065906 0.710038
vt 0.114025 0.690314
vt 0.107326 0.722612
vt 0.157149 0.696067
vt 0.199651 0.698010
vt 0.840944 0.168412
vt 0.821288 0.204314
vt 0.803173 0.237712
vt 0.787295 0.267323
vt 0.032497 0.668398
vt 0.071935 0.680971
vt 0.848798 0.171549
vt 0.836694 0.210467
vt 0.825538 0.246645
vt 0.815761 0.278693
vt 0.036028 0.640931
vt 0.076088 0.648674
vt 0.118639 0.654427
vt 0.162048 0.657970
vt 0.204645 0.659166
vt 0.120992 0.616329
vt 0.164545 0.617526
vt 0.207191 0.617929
vt 0.857135 0.173148
vt 0.853048 0.213604
vt 0.849281 0.251199
vt 0.000000 0.631496
vt 0.037829 0.611772
vt 0.078205 0.614387
vt 0.873490 0.251199
vt 0.001415 0.608587
vt 0.037829 0.582042
vt 0.078205 0.579428
vt 0.120992 0.577485
vt 0.164545 0.576289
vt 0.207191 0.575885
vt 0.865636 0.173148
vt 0.869723 0.213604
vt 0.118639 0.539388
vt 0.162048 0.535845
vt 0.204645 0.534649
vt 0.873974 0.171549
vt 0.886078 0.210468
vt 0.897233 0.246645
vt 0.001415 0.585228
vt 0.036028 0.552884
vt 0.076088 0.545141
vt 0.935476 0.267323
vt 0.907010 0.278693
vt 0.032497 0.525417
vt 0.071935 0.512843
vt 0.114025 0.503501
vt 0.157149 0.497747
vt 0.199651 0.495805
vt 0.881827 0.168412
vt 0.901483 0.204314
vt 0.919598 0.237712
vt 0.150038 0.463460
vt 0.192400 0.460846
vt 0.888895 0.163858
vt 0.915348 0.195381
vt 0.939727 0.224744
vt 0.961095 0.250817
vt 0.027369 0.500697
vt 0.065906 0.483776
vt 0.107326 0.471203
vt 0.982882 0.229809
vt 0.538616 0.303642
vt 0.507752 0.262001
vt 0.546289 0.278922
vt 0.587709 0.291496
vt 0.579183 0.318962
vt 0.621370 0.328397
vt 0.630421 0.299238
vt 0.663554 0.331582
vt 0.672783 0.301852
vt 0.894906 0.158062
vt 0.927139 0.184012
vt 0.956845 0.208237
vt 0.637533 0.264951
vt 0.680034 0.266894
vt 0.899629 0.151246
vt 0.936403 0.170642
vt 0.970294 0.188828
vt 1.000000 0.205105
vt 0.512879 0.237282
vt 0.552318 0.249855
vt 0.594408 0.259198
vt 0.516411 0.209815
vt 0.556471 0.217558
vt 0.599022 0.223311
vt 0.642431 0.226854
vt 0.685028 0.228050
vt 0.902882 0.143673
vt 0.942784 0.155787
vt 0.979558 0.167262
vt 0.477608 0.221961
vt 0.904541 0.135634
vt 0.946037 0.140017
vt 0.984281 0.144367
vt 0.480383 0.200380
vt 0.518212 0.180656
vt 0.558588 0.183271
vt 0.601375 0.185213
vt 0.644928 0.186410
vt 0.687574 0.186813
vt 0.518212 0.150926
vt 0.558588 0.148312
vt 0.601375 0.146369
vt 0.644928 0.145173
vt 0.687574 0.144769
vt 0.904541 0.127437
vt 0.946038 0.123938
vt 0.984281 0.121024
vt 0.481798 0.177471
vt 0.902882 0.119397
vt 0.942784 0.108168
vt 0.979558 0.098129
vt 0.481798 0.154112
vt 0.516411 0.121768
vt 0.556471 0.114025
vt 0.599022 0.108272
vt 0.642431 0.104729
vt 0.685028 0.103533
vt 0.594408 0.072385
vt 0.637533 0.066631
vt 0.680034 0.064689
vt 0.899629 0.111824
vt 0.936403 0.093312
vt 0.970294 0.076563
vt 0.480383 0.131202
vt 0.512880 0.094301
vt 0.552318 0.081727
vt 1.000000 0.062218
vt 0.507752 0.069581
vt 0.008501 0.151183
vt 0.285729 0.008202
vt 0.433910 0.275701
vt 0.457725 0.142784
vt 0.709565 0.102113
vt 0.709565 0.142784
vt 0.457725 0.102113
vt 0.709565 0.063801
vt 0.457725 0.063801
vt 0.709565 0.029322
vt 0.457725 0.029322
vt 0.709565 0.000000
vt 0.457725 0.692840
vt 0.709565 0.663518
vt 0.709565 0.692840
vt 0.457725 0.663518
vt 0.709565 0.629038
vt 0.457725 0.629038
vt 0.709565 0.590727
vt 0.457725 0.590727
vt 0.709565 0.550056
vt 0.457725 0.550056
vt 0.709565 0.508588
vt 0.457725 0.508588
vt 0.709565 0.467917
vt 0.457725 0.467917
vt 0.709565 0.429606
vt 0.457725 0.429606
vt 0.709565 0.395127
vt 0.457725 0.395127
vt 0.709565 0.365805
vt 0.457725 1.000000
vt 0.709565 0.965521
vt 0.709565 1.000000
vt 0.457725 0.965521
vt 0.709565 0.927209
vt 0.457725 0.927209
vt 0.709565 0.886538
vt 0.457725 0.886539
vt 0.709565 0.845071
vt 0.457725 0.845071
vt 0.709565 0.804400
vt 0.457725 0.804400
vt 0.709565 0.766088
vt 0.457725 0.766088
vt 0.709565 0.731609
vt 0.748160 0.268391
vt 1.000000 0.233912
vt 1.000000 0.268391
vt 0.748160 0.233912
vt 1.000000 0.195600
vt 0.748160 0.195600
vt 1.000000 0.154929
vt 0.748160 0.154929
vt 1.000000 0.113462
vt 0.748160 0.113462
vt 1.000000 0.072790
vt 0.748160 0.072790
vt 1.000000 0.034479
vt 0.748160 0.034479
vt 1.000000 0.000000
vt 0.457725 0.327035
vt 0.709565 0.297713
vt 0.709565 0.327035
vt 0.457725 0.297713
vt 0.709565 0.263234
vt 0.457725 0.263234
vt 0.709565 0.224922
vt 0.008053 0.271920
vt 0.148437 0.008090
vt 0.411077 0.149110
vt 0.457725 0.224923
vt 0.709565 0.184251
vt 0.457725 0.184251
vt 0.343155 0.506796
vt 0.372345 0.804509
vt 0.075975 0.833831
vt 0.202049 0.001045
vt 0.165752 0.011304
vt 0.165752 0.000000
vt 0.165752 0.085511
vt 0.205076 0.010142
vt 0.222842 0.083825
vt 0.238413 0.170414
vt 0.165752 0.172561
vt 0.251193 0.266583
vt 0.165752 0.269107
vt 0.165752 0.371441
vt 0.260689 0.368636
vt 0.165752 0.475628
vt 0.266536 0.472651
vt 0.268511 0.569565
vt 0.165752 0.572601
vt 0.304648 0.566277
vt 0.241338 0.004394
vt 0.242889 0.006702
vt 0.277737 0.078830
vt 0.304647 0.164388
vt 0.304647 0.261720
vt 0.304648 0.364637
vt 0.304648 0.469184
vt 0.249895 0.005579
vt 0.304647 0.038138
vt 0.304647 0.074516
vt 0.304647 0.153916
vt 0.304647 0.020366
vt 0.287681 0.014796
vt 0.003175 0.070720
vt 0.000000 0.029182
vt 0.043823 0.014796
vt 0.000000 0.069938
vt 0.000000 0.076664
vt 0.090167 0.004394
vt 0.088615 0.006702
vt 0.081609 0.005579
vt 0.023222 0.164058
vt 0.000000 0.160335
vt 0.000000 0.252111
vt 0.080312 0.266583
vt 0.000000 0.362193
vt 0.000000 0.259277
vt 0.070816 0.368636
vt 0.000000 0.466740
vt 0.064968 0.472651
vt 0.000000 0.563834
vt 0.126428 0.010142
vt 0.129455 0.001045
vt 0.108663 0.083825
vt 0.053767 0.078830
vt 0.093091 0.170414
vt 0.062994 0.569565
vt 0.241653 0.947935
vt 0.036137 0.947936
vt 0.000000 0.610789
vt 0.512811 0.621619
vt 0.665654 1.000000
vt 0.353019 0.901617
vt 0.834193 0.090492
vt 0.989475 0.362624
vt 0.684987 0.461007
vt 0.565532 0.005843
vt 0.342494 0.491570
vt 0.405804 0.004602
vt 1.000000 0.825957
vt 0.000000 0.174043
vt 0.174043 0.000000
vt 0.375000 0.250000
vt 0.625000 0.500000
vt 0.375000 0.500000
vt 0.375000 0.750000
vt 0.625000 0.750000
vt 0.375000 1.000000
vt 0.125000 0.750000
vt 0.125000 0.500000
vt 0.875000 0.750000
vt 0.817652 0.000000
vt 0.851323 0.860528
vt 0.817652 0.860528
vt 0.000000 0.000000
vt 0.368158 0.860528
vt 0.000000 0.860528
vt 0.891990 0.000000
vt 0.925661 0.860528
vt 0.891990 0.860528
vt 0.408826 0.000000
vt 0.776984 0.860528
vt 0.408826 0.860528
vt 1.000000 0.396039
vt 0.966329 0.000000
vt 1.000000 0.000000
vt 1.000000 0.835826
vt 0.966329 0.439786
vt 1.000000 0.439786
vt 0.854687 0.913801
vt 0.860435 0.904276
vt 0.860435 0.913801
vt 0.854687 0.967073
vt 0.860435 0.957548
vt 0.860435 0.967073
vt 0.418504 0.904276
vt 0.424252 0.949546
vt 0.418504 0.949546
vt 0.220416 0.904276
vt 0.229271 0.949546
vt 0.220416 0.949546
vt 0.464920 0.904276
vt 0.470669 0.949546
vt 0.464920 0.949546
vt 0.269938 0.904276
vt 0.278792 0.949546
vt 0.269938 0.949546
vt 0.805903 0.970644
vt 0.811652 0.961119
vt 0.811652 0.970644
vt 0.700220 0.972670
vt 0.705968 0.963145
vt 0.705968 0.972670
vt 0.511336 0.904276
vt 0.517085 0.949546
vt 0.511336 0.949546
vt 0.319460 0.904276
vt 0.328314 0.949546
vt 0.319460 0.949546
vt 0.557752 0.904276
vt 0.563501 0.949546
vt 0.557752 0.949546
vt 0.368982 0.904276
vt 0.377836 0.949546
vt 0.368982 0.949546
vt 0.124365 0.904275
vt 0.131723 1.000000
vt 0.124365 1.000000
vt 0.000000 0.904275
vt 0.021515 1.000000
vt 0.000000 1.000000
vt 0.172390 0.904275
vt 0.179749 1.000000
vt 0.172390 1.000000
vt 0.062182 0.904275
vt 0.083697 1.000000
vt 0.062182 1.000000
vt 0.611526 0.927420
vt 0.604168 0.904275
vt 0.611526 0.904275
vt 0.659552 0.927420
vt 0.652194 0.904276
vt 0.659552 0.904276
vt 0.706307 0.911837
vt 0.700220 0.915617
vt 0.700220 0.908056
vt 0.805903 0.910824
vt 0.814019 0.904276
vt 0.814019 0.910824
vt 0.765236 0.915617
vt 0.759149 0.911837
vt 0.765236 0.908056
vt 0.706307 0.904276
vt 0.901103 0.904275
vt 0.908132 0.913006
vt 0.901103 0.913006
vt 0.759149 0.904276
vt 0.712394 0.908056
vt 0.753062 0.908056
vt 0.712394 0.915617
vt 0.901103 0.957548
vt 0.907190 0.966279
vt 0.901103 0.966279
vt 0.753062 0.915617
vt 0.706307 0.919398
vt 0.746636 0.963145
vt 0.753665 0.971876
vt 0.746636 0.971876
vt 0.759149 0.919398
vt 0.805903 0.917372
vt 0.814019 0.917372
vt 0.604168 0.971167
vt 0.610255 0.979898
vt 0.604168 0.979898
vt 0.625000 0.000000
vt 0.375000 0.000000
vt 0.625000 0.250000
vt 0.875000 0.500000
vt 0.758104 0.579726
vt 0.743730 0.648580
vt 0.731394 0.579740
vt 0.757845 0.647062
vt 0.757675 0.726497
vt 0.730152 0.653108
vt 0.703814 0.583334
vt 0.714396 0.579805
vt 0.702506 0.579895
vt 0.717635 0.660471
vt 0.679260 0.597778
vt 0.668472 0.580339
vt 0.706659 0.670387
vt 0.655351 0.619988
vt 0.655368 0.614908
vt 0.655533 0.580477
vt 0.697646 0.682474
vt 0.655247 0.655444
vt 0.655179 0.682650
vt 0.690942 0.696269
vt 0.686805 0.711240
vt 0.655131 0.705778
vt 0.685395 0.726813
vt 0.655098 0.727210
vt 0.686764 0.742390
vt 0.655074 0.748706
vt 0.690861 0.757370
vt 0.655060 0.772043
vt 0.697528 0.771180
vt 0.706508 0.783288
vt 0.655055 0.799647
vt 0.717458 0.793228
vt 0.678913 0.858190
vt 0.655066 0.841006
vt 0.655164 0.890469
vt 0.729955 0.800620
vt 0.703428 0.872689
vt 0.679112 0.939935
vt 0.655257 0.928733
vt 0.655537 0.992648
vt 0.743521 0.805178
vt 0.730037 0.881630
vt 0.717743 0.952916
vt 0.288763 0.586063
vt 0.316193 0.656718
vt 0.264691 0.652003
vt 0.264507 0.727047
vt 0.307022 0.730854
vt 0.264370 0.806392
vt 0.300208 0.809524
vt 0.264286 0.886989
vt 0.296012 0.889704
vt 0.264258 0.960132
vt 0.367331 0.658439
vt 0.367154 0.732877
vt 0.367023 0.811772
vt 0.366942 0.892091
vt 0.294595 0.962707
vt 0.366914 0.965141
vt 0.757632 0.806728
vt 0.757718 0.884670
vt 0.757929 0.957329
vt 0.327368 0.589966
vt 0.785407 0.881692
vt 0.798128 0.953006
vt 0.367546 0.591318
vt 0.418507 0.656847
vt 0.427331 0.731005
vt 0.433887 0.809692
vt 0.437925 0.889883
vt 0.439288 0.962890
vt 0.771748 0.805210
vt 0.488532 0.804789
vt 0.488668 0.725444
vt 0.488447 0.885386
vt 0.488419 0.958529
vt 0.785325 0.800682
vt 0.812040 0.872811
vt 0.836793 0.940112
vt 0.407755 0.590067
vt 0.467755 0.652004
vt 0.836594 0.858367
vt 0.872439 0.919144
vt 0.879722 0.990381
vt 0.488866 0.649158
vt 0.488682 0.719919
vt 0.797843 0.793319
vt 0.808819 0.783403
vt 0.858124 0.838917
vt 0.879405 0.917127
vt 0.879427 0.923027
vt 0.879230 0.816957
vt 0.879287 0.857671
vt 0.817832 0.771315
vt 0.824535 0.757521
vt 0.879235 0.781284
vt 0.879230 0.814226
vt 0.828672 0.742549
vt 0.879253 0.753435
vt 0.830083 0.726976
vt 0.879281 0.727782
vt 0.828714 0.711400
vt 0.824617 0.696420
vt 0.879321 0.702207
vt 0.817950 0.682610
vt 0.879378 0.674606
vt 0.808969 0.670502
vt 0.879459 0.642140
vt 0.858419 0.617454
vt 0.879467 0.639461
vt 0.879631 0.600127
vt 0.798020 0.660562
vt 0.836941 0.597955
vt 0.847965 0.580541
vt 0.812426 0.583456
vt 0.813776 0.580021
vt 0.785522 0.653170
vt 0.771957 0.648612
vt 0.784828 0.579801
vt 0.801853 0.579904
vt 0.030367 0.007873
vt 0.175062 0.007873
vt 0.224141 0.558140
vt 0.277643 0.506525
vt 0.270270 0.321139
vt 0.478340 0.032435
vt 0.722086 0.008187
vt 0.992351 0.298133
vt 0.992351 0.475856
vt 0.031677 0.616602
vt 0.121427 0.602463
vt 0.211177 0.616602
vt 0.750971 0.000000
vt 0.807017 0.011216
vt 0.750971 0.011216
vt 0.807017 0.000000
vt 0.861987 0.011216
vt 0.861987 0.000000
vt 0.913768 0.011216
vt 0.913768 0.000000
vt 0.960369 0.011216
vt 1.000000 0.000000
vt 1.000000 0.011216
vt 0.597619 0.082620
vt 0.644220 0.071404
vt 0.644220 0.082620
vt 0.696001 0.082620
vt 0.696001 0.071404
vt 0.750971 0.082620
vt 0.750971 0.071404
vt 0.807017 0.082620
vt 0.807017 0.071404
vt 0.861987 0.082620
vt 0.861987 0.071404
vt 0.913768 0.082620
vt 0.913768 0.071404
vt 0.960369 0.082620
vt 1.000000 0.071404
vt 1.000000 0.082620
vt 0.597619 0.046918
vt 0.644220 0.035702
vt 0.644220 0.046918
vt 0.696001 0.046918
vt 0.696001 0.035702
vt 0.750971 0.046918
vt 0.750971 0.035702
vt 0.807017 0.046918
vt 0.807017 0.035702
vt 0.861987 0.046918
vt 0.861987 0.035702
vt 0.913768 0.046918
vt 0.913768 0.035702
vt 0.960369 0.046918
vt 1.000000 0.035702
vt 1.000000 0.046918
vt 0.597619 0.118322
vt 0.644220 0.107106
vt 0.644220 0.118322
vt 0.696001 0.118322
vt 0.696001 0.107106
vt 0.750971 0.118321
vt 0.750971 0.107106
vt 0.807017 0.118321
vt 0.807017 0.107106
vt 0.861987 0.118322
vt 0.861987 0.107106
vt 0.913768 0.118322
vt 0.913768 0.107106
vt 0.960369 0.118322
vt 1.000000 0.107106
vt 1.000000 0.118322
vt 0.597619 0.011216
vt 0.644220 0.000000
vt 0.644220 0.011216
vt 0.010934 0.315015
vt 0.201533 0.009372
vt 0.558118 0.172742
vt 0.696001 0.011216
vt 0.696001 0.000000
vt 0.465901 0.566689
vt 0.505532 0.911585
vt 0.103151 0.945554
vt 0.015844 0.703200
vt 0.098074 0.390948
vt 0.098074 0.703200
vt 0.195820 0.703200
vt 0.278049 0.390948
vt 0.278049 0.703200
vt 0.318654 0.703200
vt 0.387453 0.390948
vt 0.428058 0.703200
vt 0.387453 0.703200
vt 0.428058 0.390948
vt 0.510287 0.703200
vt 0.510287 0.390948
vt 0.608033 0.703200
vt 0.608033 0.390948
vt 0.690262 0.703200
vt 0.721951 0.703200
vt 0.804180 0.390948
vt 0.804180 0.703200
vt 0.328225 0.281338
vt 0.015845 0.236425
vt 0.254354 0.029755
vt 0.901926 0.703200
vt 0.984155 0.390948
vt 0.984155 0.703200
vt 0.625962 0.345348
vt 0.387453 0.138679
vt 0.699834 0.093765
vt 0.015844 0.390948
vt 0.195820 0.390948
vt 0.901926 0.390948
vt 0.318654 0.390948
vt 0.721951 0.390948
vt 0.690262 0.390948
vt 0.688660 0.917514
vt 0.657430 0.435126
vt 0.687574 0.587505
vt 0.140987 0.759513
vt 0.027369 0.693117
vt 0.000000 0.562318
vt 0.501227 0.283023
vt 0.477608 0.109622
vt 0.417236 0.314545
vt 0.393027 0.349503
vt 0.362216 0.379233
vt 0.325986 0.402592
vt 0.285729 0.418682
vt 0.242993 0.426884
vt 0.199419 0.426884
vt 0.156682 0.418682
vt 0.116426 0.402592
vt 0.080195 0.379233
vt 0.049384 0.349503
vt 0.025176 0.314545
vt 0.008501 0.275701
vt 0.000000 0.234464
vt 0.000000 0.192420
vt 0.025176 0.112339
vt 0.049384 0.077381
vt 0.080195 0.047651
vt 0.116425 0.024292
vt 0.156682 0.008202
vt 0.199419 0.000000
vt 0.242992 0.000000
vt 0.325986 0.024292
vt 0.362216 0.047651
vt 0.393027 0.077381
vt 0.417235 0.112339
vt 0.433910 0.151183
vt 0.442411 0.192420
vt 0.442411 0.234464
vt 0.457725 0.000000
vt 0.457725 0.365805
vt 0.457725 0.731609
vt 0.748160 0.000000
vt 0.419130 0.189781
vt 0.419130 0.231249
vt 0.411077 0.271920
vt 0.395279 0.310231
vt 0.372345 0.344710
vt 0.343155 0.374032
vt 0.308832 0.397071
vt 0.270693 0.412940
vt 0.230206 0.421030
vt 0.188925 0.421030
vt 0.148437 0.412940
vt 0.110299 0.397071
vt 0.075975 0.374032
vt 0.046785 0.344710
vt 0.023851 0.310231
vt 0.000000 0.231249
vt 0.000000 0.189781
vt 0.008053 0.149110
vt 0.023851 0.110799
vt 0.046785 0.076319
vt 0.075975 0.046997
vt 0.110299 0.023959
vt 0.188925 0.000000
vt 0.230206 0.000000
vt 0.270693 0.008090
vt 0.308832 0.023959
vt 0.343155 0.046997
vt 0.372345 0.076320
vt 0.395279 0.110799
vt 0.046785 0.804509
vt 0.023851 0.770030
vt 0.008054 0.731719
vt 0.000000 0.691048
vt 0.000000 0.649580
vt 0.008054 0.608909
vt 0.023851 0.570598
vt 0.046785 0.536119
vt 0.075975 0.506796
vt 0.110299 0.483758
vt 0.148437 0.467889
vt 0.188925 0.459799
vt 0.230206 0.459799
vt 0.270693 0.467889
vt 0.308832 0.483758
vt 0.372345 0.536119
vt 0.395279 0.570598
vt 0.411077 0.608909
vt 0.419130 0.649580
vt 0.419130 0.691048
vt 0.411077 0.731719
vt 0.395279 0.770030
vt 0.343155 0.833831
vt 0.308832 0.856870
vt 0.270693 0.872739
vt 0.230206 0.880829
vt 0.188925 0.880829
vt 0.148437 0.872739
vt 0.110299 0.856870
vt 0.304647 0.610789
vt 0.304647 0.928653
vt 0.138895 0.958148
vt 0.000000 0.936875
vt 0.384191 0.801913
vt 0.434810 0.710025
vt 0.502933 0.629485
vt 0.592161 0.563387
vt 0.640262 0.540397
vt 0.665654 0.529759
vt 0.342494 1.000000
vt 0.684987 0.000000
vt 0.743216 0.024394
vt 0.750573 0.029127
vt 0.902669 0.165103
vt 0.907684 0.171032
vt 0.958304 0.262920
vt 1.000000 0.461007
vt 0.517686 0.001094
vt 0.556975 0.004602
vt 0.603318 0.015496
vt 0.647141 0.030563
vt 0.647141 0.491570
vt 0.342494 0.021330
vt 0.359460 0.015496
vt 0.397246 0.005843
vt 0.445092 0.001094
vt 0.481389 0.000000
vt 0.825957 1.000000
vt 0.625000 1.000000
vt 0.851323 0.000000
vt 0.368158 0.000000
vt 0.925661 0.000000
vt 0.776984 0.000000
vt 0.966329 0.396039
vt 0.966329 0.835826
vt 0.854687 0.904276
vt 0.854687 0.957548
vt 0.424252 0.904276
vt 0.229271 0.904276
vt 0.470669 0.904276
vt 0.278792 0.904276
vt 0.805903 0.961119
vt 0.700220 0.963145
vt 0.517085 0.904276
vt 0.328314 0.904276
vt 0.563501 0.904276
vt 0.377836 0.904276
vt 0.131723 0.904275
vt 0.021515 0.904275
vt 0.179749 0.904275
vt 0.083697 0.904275
vt 0.604168 0.927420
vt 0.652194 0.927420
vt 0.805903 0.904276
vt 0.908132 0.904275
vt 0.907190 0.957548
vt 0.753665 0.963145
vt 0.610255 0.971167
vt 0.655063 0.835803
vt 0.264717 0.643928
vt 0.446449 0.586262
vt 0.858632 1.000000
vt 0.879722 0.581089
vt 0.000000 0.558140
vt 0.000000 0.016400
vt 0.102714 0.000000
vt 0.224141 0.022738
vt 0.614938 0.541740
vt 0.290875 0.541740
vt 0.276545 0.501377
vt 0.270270 0.465526
vt 0.266702 0.438086
vt 0.264839 0.414824
vt 0.264258 0.393332
vt 0.264839 0.371841
vt 0.266702 0.348578
vt 0.276545 0.285287
vt 0.277643 0.280139
vt 0.295871 0.231631
vt 0.311912 0.194214
vt 0.352543 0.132488
vt 0.358031 0.124804
vt 0.414227 0.071812
vt 0.547907 0.008187
vt 0.614938 0.000000
vt 0.655055 0.535402
vt 0.655055 0.000000
vt 0.791654 0.032435
vt 0.855767 0.071812
vt 0.859904 0.075714
vt 0.911963 0.128980
vt 0.954780 0.194027
vt 0.958081 0.199750
vt 0.979992 0.258058
vt 0.992825 0.300842
vt 0.997083 0.333587
vt 0.999306 0.361348
vt 1.000000 0.386995
vt 0.999306 0.412642
vt 0.997083 0.440402
vt 0.992825 0.473148
vt 0.979992 0.515932
vt 0.972675 0.535402
vt 0.000000 0.977679
vt 0.000000 0.626747
vt 0.065789 0.607060
vt 0.077696 0.605009
vt 0.094709 0.603345
vt 0.148145 0.603345
vt 0.165157 0.605009
vt 0.177064 0.607060
vt 0.224141 0.619629
vt 0.224141 0.977679
vt 0.960369 0.000000
vt 0.597619 0.071404
vt 0.960369 0.071404
vt 0.597619 0.035702
vt 0.960369 0.035702
vt 0.597619 0.107106
vt 0.960369 0.107106
vt 0.597619 0.000000
vt 0.569052 0.219859
vt 0.569052 0.267899
vt 0.558118 0.315015
vt 0.536670 0.359398
vt 0.505532 0.399342
vt 0.465901 0.433311
vt 0.419300 0.460001
vt 0.367519 0.478385
vt 0.312549 0.487757
vt 0.256503 0.487757
vt 0.201533 0.478385
vt 0.149752 0.460001
vt 0.103151 0.433311
vt 0.063520 0.399342
vt 0.032382 0.359398
vt 0.000000 0.267898
vt 0.000000 0.219859
vt 0.010934 0.172742
vt 0.032382 0.128359
vt 0.063520 0.088415
vt 0.103151 0.054446
vt 0.149753 0.027756
vt 0.256503 0.000000
vt 0.312550 0.000000
vt 0.367519 0.009372
vt 0.419300 0.027756
vt 0.465901 0.054446
vt 0.505532 0.088415
vt 0.536670 0.128359
vt 0.063520 0.911585
vt 0.032382 0.871641
vt 0.010934 0.827258
vt 0.000000 0.780141
vt 0.000000 0.732102
vt 0.010934 0.684985
vt 0.032382 0.640602
vt 0.063520 0.600658
vt 0.103151 0.566689
vt 0.149752 0.539999
vt 0.201533 0.521615
vt 0.256503 0.512243
vt 0.312549 0.512243
vt 0.367519 0.521615
vt 0.419300 0.539999
vt 0.505532 0.600658
vt 0.536670 0.640602
vt 0.558118 0.684985
vt 0.569052 0.732102
vt 0.569052 0.780141
vt 0.558118 0.827258
vt 0.536670 0.871641
vt 0.465901 0.945554
vt 0.419300 0.972244
vt 0.367519 0.990628
vt 0.312549 1.000000
vt 0.256503 1.000000
vt 0.201533 0.990628
vt 0.149752 0.972244
vt 0.328225 0.093765
vt 0.355764 0.187552
vt 0.254354 0.345348
vt 0.157603 0.359259
vt 0.068690 0.318654
vt 0.015844 0.138679
vt 0.068690 0.056450
vt 0.157603 0.015845
vt 0.727372 0.187552
vt 0.699834 0.281338
vt 0.529211 0.359259
vt 0.440298 0.318654
vt 0.387453 0.236425
vt 0.440298 0.056450
vt 0.529211 0.015844
vt 0.625962 0.029755
s 0
usemtl kuppel_mat2.001
f 255/1/1 5/2/1 6/3/1
f 1/4/2 6/3/2 7/5/2
f 256/6/3 7/5/3 8/7/3
f 2/8/4 8/9/4 9/10/4
f 257/11/5 9/10/5 10/12/5
f 3/13/6 10/12/6 11/14/6
f 3/13/7 12/15/7 4/16/7
f 254/17/8 45/18/8 5/2/8
f 11/19/9 20/20/9 12/21/9
f 5/2/10 45/18/10 13/22/10
f 5/2/11 14/23/11 6/3/11
f 6/3/12 15/24/12 7/5/12
f 7/5/13 16/25/13 8/7/13
f 8/26/14 17/27/14 9/28/14
f 9/28/15 18/29/15 10/30/15
f 11/19/16 18/29/16 19/31/16
f 16/32/17 25/33/17 17/27/17
f 17/27/18 26/34/18 18/29/18
f 18/29/19 27/35/19 19/31/19
f 19/31/20 28/36/20 20/20/20
f 13/22/21 45/18/21 21/37/21
f 13/22/22 22/38/22 14/23/22
f 14/23/23 23/39/23 15/24/23
f 15/40/24 24/41/24 16/32/24
f 21/37/25 30/42/25 22/38/25
f 22/38/26 31/43/26 23/39/26
f 23/44/27 32/45/27 24/41/27
f 24/41/28 33/46/28 25/33/28
f 25/33/29 34/47/29 26/34/29
f 27/35/30 34/47/30 35/48/30
f 28/36/31 35/48/31 36/49/31
f 21/37/32 45/18/32 29/50/32
f 33/46/33 42/51/33 34/47/33
f 35/48/34 42/51/34 43/52/34
f 36/49/35 43/52/35 44/53/35
f 29/50/36 45/18/36 37/54/36
f 29/50/37 38/55/37 30/42/37
f 30/42/38 39/56/38 31/43/38
f 31/57/39 40/58/39 32/45/39
f 33/46/40 40/58/40 41/59/40
f 37/54/41 47/60/41 38/55/41
f 38/55/42 48/61/42 39/56/42
f 39/62/43 49/63/43 40/58/43
f 41/59/44 49/63/44 50/64/44
f 41/59/45 51/65/45 42/51/45
f 43/52/46 51/65/46 52/66/46
f 44/53/47 52/66/47 53/67/47
f 37/54/48 45/18/48 46/68/48
f 50/64/49 59/69/49 51/65/49
f 52/66/50 59/69/50 60/70/50
f 53/67/51 60/70/51 61/71/51
f 46/68/52 45/18/52 54/72/52
f 47/60/53 54/72/53 55/73/53
f 47/60/54 56/74/54 48/61/54
f 48/75/55 57/76/55 49/63/55
f 50/64/56 57/76/56 58/77/56
f 55/73/57 64/78/57 56/74/57
f 56/74/58 65/79/58 57/80/58
f 58/77/59 65/81/59 66/82/59
f 58/77/60 67/83/60 59/69/60
f 60/70/61 67/83/61 68/84/61
f 61/71/62 68/84/62 69/85/62
f 54/72/63 45/18/63 62/86/63
f 55/73/64 62/86/64 63/87/64
f 68/88/65 75/89/65 76/90/65
f 69/91/66 76/90/66 77/92/66
f 62/86/67 45/18/67 70/93/67
f 62/86/68 71/94/68 63/87/68
f 63/87/69 72/95/69 64/78/69
f 64/78/70 73/96/70 65/79/70
f 66/82/71 73/97/71 74/98/71
f 66/99/72 75/89/72 67/100/72
f 72/95/73 79/101/73 80/102/73
f 72/95/74 81/103/74 73/96/74
f 74/104/75 81/105/75 82/106/75
f 74/104/76 83/107/76 75/89/76
f 76/90/77 83/107/77 84/108/77
f 77/92/78 84/108/78 85/109/78
f 70/93/79 45/18/79 78/110/79
f 70/93/80 79/101/80 71/94/80
f 84/108/81 91/111/81 92/112/81
f 85/109/82 92/112/82 93/113/82
f 78/110/83 45/18/83 86/114/83
f 78/110/84 87/115/84 79/101/84
f 80/102/85 87/115/85 88/116/85
f 80/117/86 89/118/86 81/105/86
f 82/106/87 89/118/87 90/119/87
f 82/106/88 91/111/88 83/107/88
f 88/120/89 97/121/89 89/118/89
f 90/119/90 97/121/90 98/122/90
f 90/119/91 99/123/91 91/111/91
f 92/112/92 99/123/92 100/124/92
f 93/113/93 100/124/93 101/125/93
f 86/114/94 45/18/94 94/126/94
f 86/114/95 95/127/95 87/115/95
f 87/115/96 96/128/96 88/116/96
f 101/125/97 108/129/97 109/130/97
f 94/126/98 45/18/98 102/131/98
f 95/127/99 102/131/99 103/132/99
f 96/128/100 103/132/100 104/133/100
f 96/134/101 105/135/101 97/121/101
f 98/122/102 105/135/102 106/136/102
f 98/122/103 107/137/103 99/123/103
f 100/124/104 107/137/104 108/129/104
f 106/136/105 113/138/105 114/139/105
f 106/136/106 115/140/106 107/137/106
f 108/129/107 115/140/107 116/141/107
f 109/130/108 116/141/108 117/142/108
f 102/131/109 45/18/109 110/143/109
f 102/131/110 111/144/110 103/132/110
f 103/132/111 112/145/111 104/133/111
f 104/146/112 113/138/112 105/135/112
f 110/143/113 45/18/113 118/147/113
f 110/143/114 119/148/114 111/144/114
f 111/144/115 120/149/115 112/145/115
f 112/150/116 121/151/116 113/138/116
f 114/139/117 121/151/117 122/152/117
f 114/139/118 123/153/118 115/140/118
f 116/141/119 123/153/119 124/154/119
f 117/142/120 124/154/120 125/155/120
f 122/152/121 129/156/121 130/157/121
f 122/152/122 131/158/122 123/153/122
f 124/154/123 131/158/123 132/159/123
f 125/155/124 132/159/124 133/160/124
f 118/147/125 45/18/125 126/161/125
f 118/147/126 127/162/126 119/148/126
f 120/149/127 127/162/127 128/163/127
f 120/149/128 129/164/128 121/165/128
f 126/161/129 135/166/129 127/162/129
f 127/162/130 136/167/130 128/163/130
f 128/163/131 137/168/131 129/164/131
f 130/157/132 137/169/132 138/170/132
f 130/157/133 139/171/133 131/158/133
f 132/159/134 139/171/134 140/172/134
f 133/173/135 140/174/135 141/175/135
f 126/161/136 45/18/136 134/176/136
f 138/177/137 147/178/137 139/179/137
f 140/174/138 147/178/138 148/180/138
f 141/175/139 148/180/139 149/181/139
f 134/176/140 45/18/140 142/182/140
f 135/166/141 142/182/141 143/183/141
f 135/166/142 144/184/142 136/167/142
f 136/167/143 145/185/143 137/168/143
f 138/177/144 145/186/144 146/187/144
f 143/183/145 150/188/145 151/189/145
f 143/183/146 152/190/146 144/184/146
f 144/184/147 153/191/147 145/185/147
f 146/187/148 153/192/148 154/193/148
f 146/187/149 155/194/149 147/178/149
f 148/180/150 155/194/150 156/195/150
f 149/181/151 156/195/151 157/196/151
f 142/182/152 45/18/152 150/188/152
f 154/193/153 163/197/153 155/194/153
f 156/195/154 163/197/154 164/198/154
f 157/196/155 164/198/155 165/199/155
f 150/188/156 45/18/156 158/200/156
f 150/188/157 159/201/157 151/189/157
f 151/189/158 160/202/158 152/190/158
f 152/203/159 161/204/159 153/192/159
f 154/193/160 161/204/160 162/205/160
f 159/201/161 168/206/161 160/202/161
f 160/207/162 169/208/162 161/204/162
f 162/205/163 169/208/163 170/209/163
f 162/205/164 171/210/164 163/197/164
f 164/198/165 171/210/165 172/211/165
f 165/199/166 172/211/166 173/212/166
f 158/200/167 45/18/167 166/213/167
f 158/200/168 167/214/168 159/201/168
f 172/211/169 179/215/169 180/216/169
f 173/212/170 180/216/170 181/217/170
f 166/213/171 45/18/171 174/218/171
f 166/213/172 175/219/172 167/214/172
f 167/214/173 176/220/173 168/206/173
f 168/221/174 177/222/174 169/208/174
f 169/208/175 178/223/175 170/209/175
f 170/209/176 179/215/176 171/210/176
f 176/220/177 185/224/177 177/225/177
f 178/223/178 185/226/178 186/227/178
f 178/223/179 187/228/179 179/215/179
f 180/216/180 187/228/180 188/229/180
f 181/217/181 188/229/181 189/230/181
f 174/218/182 45/18/182 182/231/182
f 174/218/183 183/232/183 175/219/183
f 175/219/184 184/233/184 176/220/184
f 189/230/185 196/234/185 197/235/185
f 182/231/186 45/18/186 190/236/186
f 182/231/187 191/237/187 183/232/187
f 184/233/188 191/237/188 192/238/188
f 184/233/189 193/239/189 185/224/189
f 186/227/190 193/240/190 194/241/190
f 186/227/191 195/242/191 187/228/191
f 188/229/192 195/242/192 196/234/192
f 192/238/193 201/243/193 193/239/193
f 194/244/194 201/245/194 202/246/194
f 194/244/195 203/247/195 195/248/195
f 196/249/196 203/247/196 204/250/196
f 197/251/197 204/250/197 205/252/197
f 190/236/198 45/18/198 198/253/198
f 190/236/199 199/254/199 191/237/199
f 192/238/200 199/254/200 200/255/200
f 205/252/201 212/256/201 213/257/201
f 198/253/202 45/18/202 206/258/202
f 198/253/203 207/259/203 199/254/203
f 200/255/204 207/259/204 208/260/204
f 200/255/205 209/261/205 201/243/205
f 202/246/206 209/262/206 210/263/206
f 202/246/207 211/264/207 203/247/207
f 204/250/208 211/264/208 212/256/208
f 210/263/209 217/265/209 218/266/209
f 210/263/210 219/267/210 211/264/210
f 212/256/211 219/267/211 220/268/211
f 213/257/212 220/268/212 221/269/212
f 206/258/213 45/18/213 214/270/213
f 207/259/214 214/270/214 215/271/214
f 207/259/215 216/272/215 208/260/215
f 208/273/216 217/265/216 209/262/216
f 214/270/217 45/18/217 222/274/217
f 214/270/218 223/275/218 215/271/218
f 216/272/219 223/275/219 224/276/219
f 216/277/220 225/278/220 217/265/220
f 218/266/221 225/278/221 226/279/221
f 218/266/222 227/280/222 219/267/222
f 220/268/223 227/280/223 228/281/223
f 221/269/224 228/281/224 229/282/224
f 226/279/225 233/283/225 234/284/225
f 226/279/226 235/285/226 227/280/226
f 228/281/227 235/285/227 236/286/227
f 229/282/228 236/286/228 237/287/228
f 222/274/229 45/18/229 230/288/229
f 222/274/230 231/289/230 223/275/230
f 224/276/231 231/289/231 232/290/231
f 224/291/232 233/283/232 225/278/232
f 231/289/233 238/292/233 239/293/233
f 231/289/234 240/294/234 232/290/234
f 232/295/235 241/296/235 233/283/235
f 234/284/236 241/296/236 242/297/236
f 234/284/237 243/298/237 235/285/237
f 236/286/238 243/298/238 244/299/238
f 237/287/239 244/299/239 245/300/239
f 230/288/240 45/18/240 238/292/240
f 242/297/241 251/301/241 243/298/241
f 244/299/242 251/301/242 252/302/242
f 245/300/243 252/302/243 253/303/243
f 238/292/244 45/18/244 246/304/244
f 238/292/245 247/305/245 239/293/245
f 240/294/246 247/305/246 248/306/246
f 240/307/247 249/308/247 241/296/247
f 242/297/248 249/308/248 250/309/248
f 248/306/249 255/1/249 1/4/249
f 249/310/250 1/4/250 256/6/250
f 250/309/251 256/311/251 2/8/251
f 251/301/252 2/8/252 257/11/252
f 252/302/253 257/11/253 3/13/253
f 253/303/254 3/13/254 4/16/254
f 246/304/255 45/18/255 254/17/255
f 247/305/256 254/17/256 255/1/256
f 125/312/257 189/313/257 253/314/257
f 255/1/1 254/17/1 5/2/1
f 1/4/2 255/1/2 6/3/2
f 256/6/3 1/4/3 7/5/3
f 2/8/4 256/311/4 8/9/4
f 257/11/5 2/8/5 9/10/5
f 3/13/6 257/11/6 10/12/6
f 3/13/548 11/14/548 12/15/548
f 11/19/9 19/31/9 20/20/9
f 5/2/11 13/22/11 14/23/11
f 6/3/12 14/23/12 15/24/12
f 7/5/13 15/24/13 16/25/13
f 8/26/14 16/32/14 17/27/14
f 9/28/15 17/27/15 18/29/15
f 11/19/16 10/30/16 18/29/16
f 16/32/17 24/41/17 25/33/17
f 17/27/18 25/33/18 26/34/18
f 18/29/19 26/34/19 27/35/19
f 19/31/20 27/35/20 28/36/20
f 13/22/22 21/37/22 22/38/22
f 14/23/549 22/38/549 23/39/549
f 15/40/24 23/44/24 24/41/24
f 21/37/25 29/50/25 30/42/25
f 22/38/26 30/42/26 31/43/26
f 23/44/27 31/57/27 32/45/27
f 24/41/28 32/45/28 33/46/28
f 25/33/29 33/46/29 34/47/29
f 27/35/30 26/34/30 34/47/30
f 28/36/31 27/35/31 35/48/31
f 33/46/33 41/59/33 42/51/33
f 35/48/34 34/47/34 42/51/34
f 36/49/35 35/48/35 43/52/35
f 29/50/37 37/54/37 38/55/37
f 30/42/38 38/55/38 39/56/38
f 31/57/39 39/62/39 40/58/39
f 33/46/40 32/45/40 40/58/40
f 37/54/41 46/68/41 47/60/41
f 38/55/42 47/60/42 48/61/42
f 39/62/43 48/75/43 49/63/43
f 41/59/44 40/58/44 49/63/44
f 41/59/45 50/64/45 51/65/45
f 43/52/46 42/51/46 51/65/46
f 44/53/47 43/52/47 52/66/47
f 50/64/49 58/77/49 59/69/49
f 52/66/50 51/65/50 59/69/50
f 53/67/51 52/66/51 60/70/51
f 47/60/53 46/68/53 54/72/53
f 47/60/54 55/73/54 56/74/54
f 48/75/55 56/810/55 57/76/55
f 50/64/56 49/63/56 57/76/56
f 55/73/57 63/87/57 64/78/57
f 56/74/58 64/78/58 65/79/58
f 58/77/59 57/76/59 65/81/59
f 58/77/60 66/82/60 67/83/60
f 60/70/61 59/69/61 67/83/61
f 61/71/62 60/70/62 68/84/62
f 55/73/64 54/72/64 62/86/64
f 68/88/65 67/100/65 75/89/65
f 69/91/66 68/88/66 76/90/66
f 62/86/68 70/93/68 71/94/68
f 63/87/69 71/94/69 72/95/69
f 64/78/70 72/95/70 73/96/70
f 66/82/71 65/81/71 73/97/71
f 66/99/72 74/104/72 75/89/72
f 72/95/73 71/94/73 79/101/73
f 72/95/74 80/102/74 81/103/74
f 74/104/75 73/811/75 81/105/75
f 74/104/76 82/106/76 83/107/76
f 76/90/77 75/89/77 83/107/77
f 77/92/78 76/90/78 84/108/78
f 70/93/80 78/110/80 79/101/80
f 84/108/81 83/107/81 91/111/81
f 85/109/82 84/108/82 92/112/82
f 78/110/84 86/114/84 87/115/84
f 80/102/550 79/101/550 87/115/550
f 80/117/86 88/120/86 89/118/86
f 82/106/87 81/105/87 89/118/87
f 82/106/88 90/119/88 91/111/88
f 88/120/89 96/134/89 97/121/89
f 90/119/90 89/118/90 97/121/90
f 90/119/91 98/122/91 99/123/91
f 92/112/92 91/111/92 99/123/92
f 93/113/93 92/112/93 100/124/93
f 86/114/95 94/126/95 95/127/95
f 87/115/96 95/127/96 96/128/96
f 101/125/97 100/124/97 108/129/97
f 95/127/99 94/126/99 102/131/99
f 96/128/100 95/127/100 103/132/100
f 96/134/101 104/146/101 105/135/101
f 98/122/102 97/121/102 105/135/102
f 98/122/103 106/136/103 107/137/103
f 100/124/104 99/123/104 107/137/104
f 106/136/105 105/135/105 113/138/105
f 106/136/106 114/139/106 115/140/106
f 108/129/107 107/137/107 115/140/107
f 109/130/108 108/129/108 116/141/108
f 102/131/110 110/143/110 111/144/110
f 103/132/111 111/144/111 112/145/111
f 104/146/112 112/150/112 113/138/112
f 110/143/114 118/147/114 119/148/114
f 111/144/115 119/148/115 120/149/115
f 112/150/116 120/812/116 121/151/116
f 114/139/117 113/138/117 121/151/117
f 114/139/118 122/152/118 123/153/118
f 116/141/119 115/140/119 123/153/119
f 117/142/120 116/141/120 124/154/120
f 122/152/121 121/151/121 129/156/121
f 122/152/122 130/157/122 131/158/122
f 124/154/123 123/153/123 131/158/123
f 125/155/124 124/154/124 132/159/124
f 118/147/126 126/161/126 127/162/126
f 120/149/127 119/148/127 127/162/127
f 120/149/128 128/163/128 129/164/128
f 126/161/129 134/176/129 135/166/129
f 127/162/130 135/166/130 136/167/130
f 128/163/131 136/167/131 137/168/131
f 130/157/132 129/156/132 137/169/132
f 130/157/133 138/170/133 139/171/133
f 132/159/134 131/158/134 139/171/134
f 133/173/551 132/813/551 140/174/551
f 138/177/137 146/187/137 147/178/137
f 140/174/138 139/179/138 147/178/138
f 141/175/139 140/174/139 148/180/139
f 135/166/141 134/176/141 142/182/141
f 135/166/142 143/183/142 144/184/142
f 136/167/143 144/184/143 145/185/143
f 138/177/144 137/814/144 145/186/144
f 143/183/145 142/182/145 150/188/145
f 143/183/350 151/189/350 152/190/350
f 144/184/147 152/190/147 153/191/147
f 146/187/148 145/186/148 153/192/148
f 146/187/149 154/193/149 155/194/149
f 148/180/150 147/178/150 155/194/150
f 149/181/151 148/180/151 156/195/151
f 154/193/153 162/205/153 163/197/153
f 156/195/154 155/194/154 163/197/154
f 157/196/155 156/195/155 164/198/155
f 150/188/157 158/200/157 159/201/157
f 151/189/158 159/201/158 160/202/158
f 152/203/159 160/207/159 161/204/159
f 154/193/160 153/192/160 161/204/160
f 159/201/161 167/214/161 168/206/161
f 160/207/162 168/221/162 169/208/162
f 162/205/163 161/204/163 169/208/163
f 162/205/164 170/209/164 171/210/164
f 164/198/165 163/197/165 171/210/165
f 165/199/166 164/198/166 172/211/166
f 158/200/168 166/213/168 167/214/168
f 172/211/169 171/210/169 179/215/169
f 173/212/170 172/211/170 180/216/170
f 166/213/172 174/218/172 175/219/172
f 167/214/173 175/219/173 176/220/173
f 168/221/174 176/815/174 177/222/174
f 169/208/175 177/222/175 178/223/175
f 170/209/176 178/223/176 179/215/176
f 176/220/177 184/233/177 185/224/177
f 178/223/178 177/222/178 185/226/178
f 178/223/179 186/227/179 187/228/179
f 180/216/180 179/215/180 187/228/180
f 181/217/181 180/216/181 188/229/181
f 174/218/183 182/231/183 183/232/183
f 175/219/184 183/232/184 184/233/184
f 189/230/552 188/229/552 196/234/552
f 182/231/187 190/236/187 191/237/187
f 184/233/188 183/232/188 191/237/188
f 184/233/189 192/238/189 193/239/189
f 186/227/190 185/226/190 193/240/190
f 186/227/191 194/241/191 195/242/191
f 188/229/192 187/228/192 195/242/192
f 192/238/193 200/255/193 201/243/193
f 194/244/194 193/816/194 201/245/194
f 194/244/195 202/246/195 203/247/195
f 196/249/196 195/248/196 203/247/196
f 197/251/553 196/249/553 204/250/553
f 190/236/199 198/253/199 199/254/199
f 192/238/200 191/237/200 199/254/200
f 205/252/201 204/250/201 212/256/201
f 198/253/203 206/258/203 207/259/203
f 200/255/204 199/254/204 207/259/204
f 200/255/205 208/260/205 209/261/205
f 202/246/206 201/245/206 209/262/206
f 202/246/207 210/263/207 211/264/207
f 204/250/208 203/247/208 211/264/208
f 210/263/209 209/262/209 217/265/209
f 210/263/210 218/266/210 219/267/210
f 212/256/211 211/264/211 219/267/211
f 213/257/212 212/256/212 220/268/212
f 207/259/214 206/258/214 214/270/214
f 207/259/215 215/271/215 216/272/215
f 208/273/216 216/277/216 217/265/216
f 214/270/218 222/274/218 223/275/218
f 216/272/219 215/271/219 223/275/219
f 216/277/220 224/291/220 225/278/220
f 218/266/221 217/265/221 225/278/221
f 218/266/222 226/279/222 227/280/222
f 220/268/223 219/267/223 227/280/223
f 221/269/224 220/268/224 228/281/224
f 226/279/225 225/278/225 233/283/225
f 226/279/226 234/284/226 235/285/226
f 228/281/227 227/280/227 235/285/227
f 229/282/228 228/281/228 236/286/228
f 222/274/230 230/288/230 231/289/230
f 224/276/231 223/275/231 231/289/231
f 224/291/232 232/295/232 233/283/232
f 231/289/233 230/288/233 238/292/233
f 231/289/234 239/293/234 240/294/234
f 232/295/235 240/307/235 241/296/235
f 234/284/236 233/283/236 241/296/236
f 234/284/237 242/297/237 243/298/237
f 236/286/238 235/285/238 243/298/238
f 237/287/239 236/286/239 244/299/239
f 242/297/241 250/309/241 251/301/241
f 244/299/242 243/298/242 251/301/242
f 245/300/243 244/299/243 252/302/243
f 238/292/245 246/304/245 247/305/245
f 240/294/246 239/293/246 247/305/246
f 240/307/247 248/817/247 249/308/247
f 242/297/248 241/296/248 249/308/248
f 248/306/249 247/305/249 255/1/249
f 249/310/250 248/306/250 1/4/250
f 250/309/251 249/308/251 256/311/251
f 251/301/252 250/309/252 2/8/252
f 252/302/253 251/301/253 257/11/253
f 253/303/254 252/302/254 3/13/254
f 247/305/256 246/304/256 254/17/256
f 253/314/257 4/818/257 12/819/257
f 12/819/257 20/820/257 28/821/257
f 28/821/257 36/822/257 44/823/257
f 44/823/257 53/824/257 61/825/257
f 61/825/257 69/826/257 77/827/257
f 77/827/257 85/828/257 93/829/257
f 93/829/257 101/830/257 109/831/257
f 109/831/257 117/832/257 125/312/257
f 125/312/257 133/833/257 141/834/257
f 141/834/257 149/835/257 157/836/257
f 157/836/257 165/837/257 173/838/257
f 173/838/257 181/839/257 189/313/257
f 189/313/257 197/840/257 205/841/257
f 205/841/257 213/842/257 221/843/257
f 221/843/257 229/844/257 237/845/257
f 237/845/257 245/846/257 253/314/257
f 253/314/257 12/819/257 28/821/257
f 28/821/257 44/823/257 61/825/257
f 61/825/257 77/827/257 93/829/257
f 93/829/257 109/831/257 125/312/257
f 125/312/257 141/834/257 157/836/257
f 157/836/257 173/838/257 189/313/257
f 189/313/257 205/841/257 221/843/257
f 221/843/257 237/845/257 253/314/257
f 253/314/257 28/821/257 61/825/257
f 61/825/257 93/829/257 125/312/257
f 125/312/257 157/836/257 189/313/257
f 189/313/257 221/843/257 253/314/257
f 253/314/257 61/825/257 125/312/257
usemtl ausenflaeche_unten_mat
f 259/315/258 260/316/258 258/317/258
f 261/318/259 262/319/259 260/316/259
f 263/320/260 264/321/260 262/319/260
f 265/322/261 266/323/261 264/321/261
f 267/324/262 268/325/262 266/326/262
f 269/327/263 270/328/263 268/325/263
f 271/329/264 272/330/264 270/328/264
f 273/331/265 274/332/265 272/330/265
f 275/333/266 276/334/266 274/332/266
f 277/335/267 278/336/267 276/334/267
f 279/337/268 280/338/268 278/336/268
f 281/339/269 282/340/269 280/338/269
f 283/341/270 284/342/270 282/340/270
f 285/343/271 286/344/271 284/345/271
f 287/346/272 288/347/272 286/344/272
f 289/348/273 290/349/273 288/347/273
f 291/350/274 292/351/274 290/349/274
f 293/352/275 294/353/275 292/351/275
f 295/354/276 296/355/276 294/353/276
f 297/356/277 298/357/277 296/355/277
f 299/358/278 300/359/278 298/360/278
f 301/361/279 302/362/279 300/359/279
f 303/363/280 304/364/280 302/362/280
f 305/365/281 306/366/281 304/364/281
f 307/367/282 308/368/282 306/366/282
f 309/369/283 310/370/283 308/368/283
f 311/371/284 312/372/284 310/370/284
f 313/373/285 314/374/285 312/375/285
f 315/376/286 316/377/286 314/374/286
f 317/378/287 318/379/287 316/377/287
f 295/380/288 279/381/288 263/382/288
f 319/383/289 320/384/289 318/379/289
f 321/385/290 258/317/290 320/384/290
f 288/386/257 304/387/257 320/388/257
f 259/315/258 261/318/258 260/316/258
f 261/318/259 263/320/259 262/319/259
f 263/320/260 265/322/260 264/321/260
f 265/322/261 267/847/261 266/323/261
f 267/324/262 269/327/262 268/325/262
f 269/327/263 271/329/263 270/328/263
f 271/329/264 273/331/264 272/330/264
f 273/331/265 275/333/265 274/332/265
f 275/333/266 277/335/266 276/334/266
f 277/335/267 279/337/267 278/336/267
f 279/337/268 281/339/268 280/338/268
f 281/339/269 283/341/269 282/340/269
f 283/341/270 285/848/270 284/342/270
f 285/343/271 287/346/271 286/344/271
f 287/346/272 289/348/272 288/347/272
f 289/348/273 291/350/273 290/349/273
f 291/350/274 293/352/274 292/351/274
f 293/352/275 295/354/275 294/353/275
f 295/354/276 297/356/276 296/355/276
f 297/356/277 299/849/277 298/357/277
f 299/358/278 301/361/278 300/359/278
f 301/361/279 303/363/279 302/362/279
f 303/363/280 305/365/280 304/364/280
f 305/365/281 307/367/281 306/366/281
f 307/367/282 309/369/282 308/368/282
f 309/369/283 311/371/283 310/370/283
f 311/371/284 313/850/284 312/372/284
f 313/373/285 315/376/285 314/374/285
f 315/376/286 317/378/286 316/377/286
f 317/378/287 319/383/287 318/379/287
f 263/382/288 261/851/288 259/852/288
f 259/852/288 321/853/288 319/854/288
f 319/854/288 317/855/288 315/856/288
f 315/856/288 313/857/288 311/858/288
f 311/858/288 309/859/288 307/860/288
f 307/860/288 305/861/288 303/862/288
f 303/862/288 301/863/288 299/864/288
f 299/864/288 297/865/288 295/380/288
f 295/380/288 293/866/288 291/867/288
f 291/867/288 289/868/288 287/869/288
f 287/869/288 285/870/288 283/871/288
f 283/871/288 281/872/288 279/381/288
f 279/381/288 277/873/288 275/874/288
f 275/874/288 273/875/288 271/876/288
f 271/876/288 269/877/288 267/878/288
f 267/878/288 265/879/288 263/382/288
f 263/382/288 259/852/288 319/854/288
f 319/854/288 315/856/288 311/858/288
f 311/858/288 307/860/288 303/862/288
f 303/862/288 299/864/288 295/380/288
f 295/380/288 291/867/288 287/869/288
f 287/869/288 283/871/288 279/381/288
f 279/381/288 275/874/288 271/876/288
f 271/876/288 267/878/288 263/382/288
f 263/382/288 319/854/288 311/858/288
f 311/858/288 303/862/288 295/380/288
f 295/380/288 287/869/288 279/381/288
f 279/381/288 271/876/288 263/382/288
f 263/382/288 311/858/288 295/380/288
f 319/383/289 321/385/289 320/384/289
f 321/385/290 259/315/290 258/317/290
f 320/388/257 258/880/257 260/881/257
f 260/881/257 262/882/257 264/883/257
f 264/883/257 266/884/257 268/885/257
f 268/885/257 270/886/257 272/887/257
f 272/887/257 274/888/257 276/889/257
f 276/889/257 278/890/257 280/891/257
f 280/891/257 282/892/257 284/893/257
f 284/893/257 286/894/257 288/386/257
f 288/386/257 290/895/257 292/896/257
f 292/896/257 294/897/257 296/898/257
f 296/898/257 298/899/257 300/900/257
f 300/900/257 302/901/257 304/387/257
f 304/387/257 306/902/257 308/903/257
f 308/903/257 310/904/257 312/905/257
f 312/905/257 314/906/257 316/907/257
f 316/907/257 318/908/257 320/388/257
f 320/388/257 260/881/257 264/883/257
f 264/883/257 268/885/257 272/887/257
f 272/887/257 276/889/257 280/891/257
f 280/891/257 284/893/257 288/386/257
f 288/386/257 292/896/257 296/898/257
f 296/898/257 300/900/257 304/387/257
f 304/387/257 308/903/257 312/905/257
f 312/905/257 316/907/257 320/388/257
f 320/388/257 264/883/257 272/887/257
f 272/887/257 280/891/257 288/386/257
f 288/386/257 296/898/257 304/387/257
f 304/387/257 312/905/257 320/388/257
f 320/388/257 272/887/257 288/386/257
usemtl kuppel_oeffnung_mat
f 366/389/1 346/390/1 365/391/1
f 322/392/2 326/393/2 327/394/2
f 322/392/3 328/395/3 347/396/3
f 347/396/4 329/397/4 323/398/4
f 348/399/5 329/397/5 330/400/5
f 324/401/6 330/400/6 331/402/6
f 324/401/291 332/403/291 325/404/291
f 331/402/292 350/405/292 332/403/292
f 326/393/293 367/406/293 333/407/293
f 326/393/12 334/408/12 327/394/12
f 351/409/13 327/394/13 334/408/13
f 328/395/14 353/410/14 329/397/14
f 329/397/15 354/411/15 330/400/15
f 330/400/16 349/412/16 331/402/16
f 368/413/294 333/407/294 367/406/294
f 356/414/23 334/408/23 368/413/23
f 334/408/24 355/415/24 352/416/24
f 370/417/26 356/414/26 369/418/26
f 335/419/231 372/420/231 371/421/231
f 357/422/232 335/419/232 358/423/232
f 373/424/233 336/425/233 374/426/233
f 336/425/234 335/419/234 371/421/234
f 335/419/235 338/427/235 359/428/235
f 359/428/236 338/427/236 360/429/236
f 342/430/241 362/431/241 361/432/241
f 343/433/242 363/434/242 362/431/242
f 344/435/295 364/436/295 363/434/295
f 339/437/245 373/424/245 375/438/245
f 336/425/246 340/439/246 337/440/246
f 337/440/247 341/441/247 338/427/247
f 338/427/248 342/430/248 361/432/248
f 340/439/249 346/390/249 322/392/249
f 341/441/250 322/392/250 347/396/250
f 342/430/251 347/396/251 323/398/251
f 343/433/252 323/398/252 348/399/252
f 344/435/253 348/399/253 324/401/253
f 345/442/296 324/401/296 325/404/296
f 346/390/256 375/438/256 365/391/256
f 345/443/257 332/444/257 376/445/257
f 352/446/297 376/447/297 349/448/297
f 359/449/298 363/450/298 377/451/298
f 374/452/299 376/453/299 367/454/299
f 366/389/1 326/393/1 346/390/1
f 322/392/2 346/390/2 326/393/2
f 322/392/3 327/394/3 328/395/3
f 347/396/4 328/395/4 329/397/4
f 348/399/5 323/398/5 329/397/5
f 324/401/6 348/399/6 330/400/6
f 324/401/291 331/402/291 332/403/291
f 331/402/292 349/412/292 350/405/292
f 326/393/11 366/389/11 367/406/11
f 326/393/12 333/407/12 334/408/12
f 334/408/13 352/416/13 351/409/13
f 351/409/13 328/395/13 327/394/13
f 328/395/14 351/409/14 353/410/14
f 329/397/15 353/410/15 354/411/15
f 330/400/16 354/411/16 349/412/16
f 368/413/23 369/418/23 356/414/23
f 356/414/23 355/415/23 334/408/23
f 334/408/549 333/407/549 368/413/549
f 335/419/231 357/422/231 372/420/231
f 371/421/554 374/426/554 336/425/554
f 336/425/234 337/440/234 335/419/234
f 359/428/235 358/423/235 335/419/235
f 335/419/235 337/440/235 338/427/235
f 342/430/241 343/433/241 362/431/241
f 343/433/242 344/435/242 363/434/242
f 344/435/295 345/442/295 364/436/295
f 339/437/245 336/425/245 373/424/245
f 336/425/246 339/437/246 340/439/246
f 337/440/247 340/439/247 341/441/247
f 361/432/248 360/429/248 338/427/248
f 338/427/248 341/441/248 342/430/248
f 340/439/249 339/437/249 346/390/249
f 341/441/250 340/439/250 322/392/250
f 342/430/251 341/441/251 347/396/251
f 343/433/252 342/430/252 323/398/252
f 344/435/253 343/433/253 348/399/253
f 345/442/296 344/435/296 324/401/296
f 346/390/256 339/437/256 375/438/256
f 377/909/257 364/910/257 345/443/257
f 345/443/257 325/911/257 332/444/257
f 332/444/257 350/912/257 376/445/257
f 376/445/257 377/909/257 345/443/257
f 349/448/297 354/913/297 353/914/297
f 353/914/297 351/915/297 352/446/297
f 352/446/297 355/916/297 356/917/297
f 356/917/297 370/918/297 376/447/297
f 376/447/297 350/919/297 349/448/297
f 349/448/297 353/914/297 352/446/297
f 352/446/297 356/917/297 376/447/297
f 377/451/298 372/920/298 357/921/298
f 357/921/298 358/922/298 359/449/298
f 359/449/298 360/923/298 361/924/298
f 361/924/298 362/925/298 363/450/298
f 363/450/298 364/926/298 377/451/298
f 377/451/298 357/921/298 359/449/298
f 359/449/298 361/924/298 363/450/298
f 375/927/299 373/928/299 374/452/299
f 374/452/299 371/929/299 372/930/299
f 372/930/299 377/931/299 376/453/299
f 376/453/299 370/932/299 369/933/299
f 369/933/299 368/934/299 367/454/299
f 367/454/299 366/935/299 365/936/299
f 365/936/299 375/927/299 374/452/299
f 374/452/299 372/930/299 376/453/299
f 376/453/299 369/933/299 367/454/299
f 367/454/299 365/936/299 374/452/299
usemtl Material.003
f 379/455/300 380/456/300 378/457/300
f 380/458/301 385/459/301 384/460/301
f 385/459/302 382/461/302 384/460/302
f 383/462/303 378/463/303 382/461/303
f 384/460/257 378/464/257 380/465/257
f 385/459/288 379/466/288 383/462/288
f 379/455/300 381/937/300 380/456/300
f 380/458/301 381/572/301 385/459/301
f 385/459/302 383/462/302 382/461/302
f 383/462/303 379/938/303 378/463/303
f 384/460/257 382/461/257 378/464/257
f 385/459/288 381/573/288 379/466/288
usemtl door_mat
f 387/467/298 388/468/298 386/469/298
f 389/470/304 392/471/304 388/472/304
f 393/473/297 390/474/297 392/475/297
f 391/476/299 386/477/299 390/478/299
f 392/479/257 386/480/257 388/481/257
f 389/482/288 391/483/288 393/484/288
f 398/485/288 396/486/288 394/487/288
f 395/488/257 401/489/257 399/490/257
f 396/491/299 401/492/299 397/493/299
f 394/494/297 397/495/297 395/496/297
f 398/497/304 395/498/304 399/499/304
f 400/500/298 399/501/298 401/502/298
f 406/503/288 404/504/288 402/505/288
f 403/506/257 409/507/257 407/508/257
f 404/509/299 409/510/299 405/511/299
f 402/512/297 405/513/297 403/514/297
f 406/515/304 403/516/304 407/517/304
f 408/518/298 407/519/298 409/520/298
f 411/521/298 412/522/298 410/523/298
f 413/524/304 416/525/304 412/526/304
f 417/527/297 414/528/297 416/529/297
f 415/530/299 410/531/299 414/532/299
f 416/533/257 410/534/257 412/535/257
f 413/536/288 415/537/288 417/538/288
f 425/539/305 418/540/305 420/541/305
f 433/542/306 420/543/306 418/544/306
f 433/545/307 426/546/307 419/547/307
f 425/539/308 420/541/308 422/548/308
f 419/549/297 422/550/297 420/551/297
f 419/547/309 426/546/309 421/552/309
f 425/539/310 422/548/310 424/553/310
f 421/552/311 426/546/311 423/554/311
f 425/539/312 424/553/312 428/555/312
f 423/556/313 428/557/313 424/558/313
f 423/554/314 426/546/314 427/559/314
f 425/539/315 428/555/315 430/560/315
f 427/561/298 430/562/298 428/563/298
f 427/559/316 426/546/316 429/564/316
f 425/539/317 430/560/317 418/540/317
f 429/565/318 418/544/318 430/566/318
f 429/564/319 426/546/319 433/545/319
f 435/567/320 431/568/320 434/569/320
f 387/467/298 389/939/298 388/468/298
f 389/470/304 393/940/304 392/471/304
f 393/473/297 391/941/297 390/474/297
f 391/476/299 387/942/299 386/477/299
f 392/479/257 390/943/257 386/480/257
f 389/482/288 387/944/288 391/483/288
f 398/485/288 400/945/288 396/486/288
f 395/488/257 397/946/257 401/489/257
f 396/491/299 400/947/299 401/492/299
f 394/494/297 396/948/297 397/495/297
f 398/497/304 394/949/304 395/498/304
f 400/500/298 398/950/298 399/501/298
f 406/503/288 408/951/288 404/504/288
f 403/506/257 405/952/257 409/507/257
f 404/509/299 408/953/299 409/510/299
f 402/512/297 404/954/297 405/513/297
f 406/515/304 402/955/304 403/516/304
f 408/518/298 406/956/298 407/519/298
f 411/521/298 413/957/298 412/522/298
f 413/524/304 417/958/304 416/525/304
f 417/527/297 415/959/297 414/528/297
f 415/530/299 411/960/299 410/531/299
f 416/533/257 414/961/257 410/534/257
f 413/536/288 411/962/288 415/537/288
f 433/542/306 419/963/306 420/543/306
f 419/549/297 421/964/297 422/550/297
f 423/556/313 427/965/313 428/557/313
f 427/561/298 429/966/298 430/562/298
f 429/565/318 433/542/318 418/544/318
f 435/567/320 432/967/320 431/568/320
usemtl Material.002
f 437/570/321 438/458/321 436/571/321
f 439/572/322 442/460/322 438/458/322
f 443/459/323 440/461/323 442/460/323
f 441/462/324 436/463/324 440/461/324
f 438/465/257 440/461/257 436/464/257
f 439/573/288 441/462/288 443/459/288
f 437/570/321 439/572/321 438/458/321
f 439/572/322 443/459/322 442/460/322
f 443/459/323 441/462/323 440/461/323
f 441/462/324 437/938/324 436/463/324
f 438/465/257 442/460/257 440/461/257
f 439/573/288 437/466/288 441/462/288
usemtl kuppel_oeffnung_001_mat
f 550/574/1 444/575/1 551/576/1
f 511/577/8 451/578/8 444/575/8
f 444/575/10 451/578/10 445/579/10
f 444/575/11 446/580/11 552/581/11
f 552/581/12 446/580/12 553/582/12
f 445/579/21 451/578/21 447/583/21
f 445/579/22 448/584/22 446/580/22
f 553/582/23 448/584/23 554/585/23
f 448/584/325 449/586/325 513/587/325
f 554/585/326 512/588/326 555/589/326
f 447/583/32 451/578/32 449/586/32
f 449/586/36 451/578/36 450/590/36
f 449/586/327 514/591/327 513/587/327
f 450/590/328 515/592/328 514/591/328
f 450/590/48 451/578/48 452/593/48
f 452/593/52 451/578/52 453/594/52
f 452/593/329 516/595/329 515/592/329
f 453/594/63 451/578/63 454/596/63
f 453/594/330 517/597/330 516/595/330
f 454/596/67 451/578/67 455/598/67
f 517/597/331 455/598/331 518/599/331
f 455/598/79 451/578/79 456/600/79
f 518/599/332 456/600/332 519/601/332
f 456/600/83 451/578/83 457/602/83
f 457/602/333 519/601/333 456/600/333
f 457/602/94 451/578/94 458/603/94
f 458/603/334 520/604/334 457/602/334
f 458/603/98 451/578/98 459/605/98
f 458/603/335 460/606/335 522/607/335
f 460/606/336 523/608/336 522/607/336
f 459/605/109 451/578/109 461/609/109
f 459/605/110 462/610/110 460/606/110
f 460/606/337 463/611/337 524/612/337
f 463/611/338 525/613/338 524/612/338
f 461/609/113 451/578/113 464/614/113
f 461/609/114 465/615/114 462/610/114
f 462/610/115 466/616/115 463/611/115
f 463/617/339 467/618/339 526/619/339
f 467/618/340 527/620/340 526/619/340
f 468/621/341 528/622/341 527/620/341
f 469/623/342 529/624/342 528/622/342
f 470/625/343 530/626/343 529/624/343
f 468/621/121 475/627/121 476/628/121
f 468/621/122 477/629/122 469/623/122
f 470/625/123 477/629/123 478/630/123
f 471/631/344 478/630/344 479/632/344
f 464/614/125 451/578/125 472/633/125
f 465/615/126 472/633/126 473/634/126
f 466/616/127 473/634/127 474/635/127
f 466/636/128 475/627/128 467/618/128
f 472/633/129 481/637/129 473/634/129
f 473/634/130 482/638/130 474/635/130
f 474/639/131 483/640/131 475/627/131
f 476/628/132 483/640/132 484/641/132
f 476/628/133 485/642/133 477/629/133
f 478/630/134 485/642/134 486/643/134
f 479/632/345 486/643/345 487/644/345
f 472/633/136 451/578/136 480/645/136
f 532/646/346 484/641/346 531/647/346
f 533/648/347 485/642/347 532/646/347
f 534/649/348 486/643/348 533/648/348
f 480/645/140 451/578/140 488/650/140
f 480/645/141 489/651/141 481/637/141
f 481/637/142 490/652/142 482/638/142
f 482/653/143 491/654/143 483/640/143
f 531/647/349 483/640/349 491/654/349
f 488/650/145 493/655/145 489/651/145
f 490/652/350 493/655/350 494/656/350
f 537/657/351 490/652/351 494/656/351
f 537/658/352 535/659/352 491/654/352
f 488/650/152 451/578/152 492/660/152
f 492/660/156 451/578/156 495/661/156
f 492/660/157 496/662/157 493/655/157
f 539/663/353 493/655/353 496/662/353
f 539/663/354 536/664/354 494/656/354
f 496/662/355 540/665/355 538/666/355
f 495/661/167 451/578/167 497/667/167
f 540/665/356 495/661/356 497/667/356
f 497/667/171 451/578/171 498/668/171
f 497/667/357 542/669/357 541/670/357
f 498/668/182 451/578/182 499/671/182
f 498/668/358 543/672/358 542/669/358
f 499/671/186 451/578/186 500/673/186
f 499/671/359 544/674/359 543/672/359
f 500/673/198 451/578/198 501/675/198
f 501/675/360 544/674/360 500/673/360
f 501/675/202 451/578/202 502/676/202
f 502/676/361 545/677/361 501/675/361
f 502/676/213 451/578/213 503/678/213
f 503/678/362 546/679/362 502/676/362
f 503/678/217 451/578/217 504/680/217
f 547/681/363 504/680/363 505/682/363
f 548/683/364 505/682/364 549/684/364
f 504/680/229 451/578/229 506/685/229
f 504/680/230 507/686/230 505/682/230
f 549/684/365 507/686/365 557/687/365
f 506/685/233 509/688/233 507/686/233
f 507/686/234 558/689/234 557/687/234
f 506/685/240 451/578/240 508/690/240
f 508/690/244 451/578/244 510/691/244
f 509/688/245 510/691/245 560/692/245
f 509/688/246 559/693/246 558/689/246
f 510/691/255 451/578/255 511/577/255
f 510/691/256 550/574/256 560/692/256
f 471/694/257 487/695/257 561/696/257
f 512/697/297 520/698/297 528/699/297
f 533/700/298 540/701/298 548/702/298
f 557/703/304 550/704/304 554/705/304
f 550/574/1 511/577/1 444/575/1
f 552/581/11 551/576/11 444/575/11
f 444/575/11 445/579/11 446/580/11
f 445/579/22 447/583/22 448/584/22
f 553/582/23 446/580/23 448/584/23
f 513/587/555 512/588/555 448/584/555
f 448/584/25 447/583/25 449/586/25
f 554/585/556 448/584/556 512/588/556
f 449/586/557 450/590/557 514/591/557
f 450/590/558 452/593/558 515/592/558
f 452/593/559 453/594/559 516/595/559
f 453/594/560 454/596/560 517/597/560
f 517/597/561 454/596/561 455/598/561
f 518/599/562 455/598/562 456/600/562
f 457/602/563 520/604/563 519/601/563
f 458/603/564 521/968/564 520/604/564
f 522/607/565 521/968/565 458/603/565
f 458/603/99 459/605/99 460/606/99
f 459/605/110 461/609/110 462/610/110
f 524/612/337 523/608/337 460/606/337
f 460/606/566 462/610/566 463/611/566
f 461/609/114 464/614/114 465/615/114
f 462/610/115 465/615/115 466/616/115
f 526/619/567 525/969/567 463/617/567
f 463/617/116 466/636/116 467/618/116
f 467/618/568 468/621/568 527/620/568
f 468/621/569 469/623/569 528/622/569
f 469/623/570 470/625/570 529/624/570
f 470/625/571 471/631/571 530/626/571
f 468/621/121 467/618/121 475/627/121
f 468/621/122 476/628/122 477/629/122
f 470/625/123 469/623/123 477/629/123
f 471/631/344 470/625/344 478/630/344
f 465/615/126 464/614/126 472/633/126
f 466/616/127 465/615/127 473/634/127
f 466/636/128 474/639/128 475/627/128
f 472/633/129 480/645/129 481/637/129
f 473/634/130 481/637/130 482/638/130
f 474/639/131 482/653/131 483/640/131
f 476/628/132 475/627/132 483/640/132
f 476/628/133 484/641/133 485/642/133
f 478/630/134 477/629/134 485/642/134
f 479/632/345 478/630/345 486/643/345
f 532/646/572 485/642/572 484/641/572
f 533/648/573 486/643/573 485/642/573
f 534/649/574 487/644/574 486/643/574
f 480/645/141 488/650/141 489/651/141
f 481/637/142 489/651/142 490/652/142
f 482/653/143 490/970/143 491/654/143
f 491/654/575 535/659/575 531/647/575
f 531/647/576 484/641/576 483/640/576
f 488/650/145 492/660/145 493/655/145
f 490/652/146 489/651/146 493/655/146
f 494/656/577 536/664/577 537/657/577
f 537/657/578 491/971/578 490/652/578
f 492/660/157 495/661/157 496/662/157
f 496/662/579 538/666/579 539/663/579
f 539/663/580 494/656/580 493/655/580
f 497/667/581 541/670/581 540/665/581
f 540/665/582 496/662/582 495/661/582
f 497/667/583 498/668/583 542/669/583
f 498/668/584 499/671/584 543/672/584
f 499/671/585 500/673/585 544/674/585
f 501/675/586 545/677/586 544/674/586
f 502/676/587 546/679/587 545/677/587
f 503/678/588 547/681/588 546/679/588
f 505/682/589 548/683/589 547/681/589
f 547/681/590 503/678/590 504/680/590
f 504/680/230 506/685/230 507/686/230
f 557/687/591 556/972/591 549/684/591
f 549/684/592 505/682/592 507/686/592
f 506/685/593 508/690/593 509/688/593
f 507/686/234 509/688/234 558/689/234
f 560/692/245 559/693/245 509/688/245
f 509/688/245 508/690/245 510/691/245
f 510/691/256 511/577/256 550/574/256
f 562/973/257 530/974/257 471/694/257
f 471/694/257 479/975/257 487/695/257
f 487/695/257 534/976/257 561/696/257
f 561/696/257 562/973/257 471/694/257
f 562/977/297 555/978/297 512/697/297
f 512/697/297 513/979/297 514/980/297
f 514/980/297 515/981/297 516/982/297
f 516/982/297 517/983/297 518/984/297
f 518/984/297 519/985/297 520/698/297
f 520/698/297 521/986/297 522/987/297
f 522/987/297 523/988/297 524/989/297
f 524/989/297 525/990/297 526/991/297
f 526/991/297 527/992/297 528/699/297
f 528/699/297 529/993/297 530/994/297
f 530/994/297 562/977/297 512/697/297
f 512/697/297 514/980/297 516/982/297
f 516/982/297 518/984/297 520/698/297
f 520/698/297 522/987/297 524/989/297
f 524/989/297 526/991/297 528/699/297
f 528/699/297 530/994/297 512/697/297
f 512/697/297 516/982/297 520/698/297
f 520/698/297 524/989/297 528/699/297
f 561/995/298 534/996/298 533/700/298
f 533/700/298 532/997/298 531/998/298
f 531/998/298 535/999/298 537/1000/298
f 537/1000/298 536/1001/298 539/1002/298
f 539/1002/298 538/1003/298 540/701/298
f 540/701/298 541/1004/298 542/1005/298
f 542/1005/298 543/1006/298 544/1007/298
f 544/1007/298 545/1008/298 546/1009/298
f 546/1009/298 547/1010/298 548/702/298
f 548/702/298 549/1011/298 556/1012/298
f 556/1012/298 561/995/298 533/700/298
f 533/700/298 531/998/298 537/1000/298
f 537/1000/298 539/1002/298 540/701/298
f 540/701/298 542/1005/298 544/1007/298
f 544/1007/298 546/1009/298 548/702/298
f 548/702/298 556/1012/298 533/700/298
f 533/700/298 537/1000/298 540/701/298
f 540/701/298 544/1007/298 548/702/298
f 561/1013/304 556/1014/304 557/703/304
f 557/703/304 558/1015/304 559/1016/304
f 559/1016/304 560/1017/304 550/704/304
f 550/704/304 551/1018/304 552/1019/304
f 552/1019/304 553/1020/304 554/705/304
f 554/705/304 555/1021/304 562/1022/304
f 562/1022/304 561/1013/304 557/703/304
f 557/703/304 559/1016/304 550/704/304
f 550/704/304 552/1019/304 554/705/304
f 554/705/304 562/1022/304 557/703/304
usemtl r2d2_rund_detail_mat
f 564/706/258 565/707/258 563/708/258
f 566/709/259 567/710/259 565/707/259
f 568/711/260 569/712/260 567/710/260
f 570/713/261 571/714/261 569/712/261
f 571/714/262 574/715/262 573/716/262
f 573/717/263 576/718/263 575/719/263
f 576/718/264 577/720/264 575/719/264
f 578/721/265 579/722/265 577/720/265
f 580/723/266 581/724/266 579/722/266
f 582/725/267 583/726/267 581/724/267
f 584/727/268 585/728/268 583/726/268
f 586/729/269 587/730/269 585/728/269
f 587/730/270 590/731/270 589/732/270
f 589/733/271 592/734/271 591/735/271
f 592/734/272 593/736/272 591/735/272
f 594/737/273 595/738/273 593/736/273
f 596/739/274 597/740/274 595/738/274
f 598/741/275 599/742/275 597/740/275
f 600/743/276 601/744/276 599/742/276
f 602/745/277 603/746/277 601/744/277
f 603/746/278 606/747/278 605/748/278
f 605/749/279 608/750/279 607/751/279
f 608/750/280 609/752/280 607/751/280
f 610/753/281 611/754/281 609/752/281
f 612/755/282 613/756/282 611/754/282
f 614/757/283 615/758/283 613/756/283
f 616/759/284 617/760/284 615/758/284
f 618/761/285 619/762/285 617/760/285
f 619/762/286 622/763/286 621/764/286
f 621/765/287 624/766/287 623/767/287
f 600/768/288 584/769/288 568/770/288
f 624/766/289 625/771/289 623/767/289
f 626/772/290 563/708/290 625/771/290
f 593/773/257 609/774/257 625/775/257
f 564/706/258 566/709/258 565/707/258
f 566/709/259 568/711/259 567/710/259
f 568/711/260 570/713/260 569/712/260
f 570/713/261 572/1023/261 571/714/261
f 571/714/262 572/1023/262 574/715/262
f 573/717/263 574/1024/263 576/718/263
f 576/718/264 578/721/264 577/720/264
f 578/721/265 580/723/265 579/722/265
f 580/723/266 582/725/266 581/724/266
f 582/725/267 584/727/267 583/726/267
f 584/727/268 586/729/268 585/728/268
f 586/729/269 588/1025/269 587/730/269
f 587/730/270 588/1025/270 590/731/270
f 589/733/271 590/1026/271 592/734/271
f 592/734/272 594/737/272 593/736/272
f 594/737/273 596/739/273 595/738/273
f 596/739/274 598/741/274 597/740/274
f 598/741/275 600/743/275 599/742/275
f 600/743/276 602/745/276 601/744/276
f 602/745/277 604/1027/277 603/746/277
f 603/746/278 604/1027/278 606/747/278
f 605/749/279 606/1028/279 608/750/279
f 608/750/280 610/753/280 609/752/280
f 610/753/281 612/755/281 611/754/281
f 612/755/282 614/757/282 613/756/282
f 614/757/283 616/759/283 615/758/283
f 616/759/284 618/761/284 617/760/284
f 618/761/285 620/1029/285 619/762/285
f 619/762/286 620/1029/286 622/763/286
f 621/765/287 622/1030/287 624/766/287
f 568/770/288 566/1031/288 564/1032/288
f 564/1032/288 626/1033/288 624/1034/288
f 624/1034/288 622/1035/288 620/1036/288
f 620/1036/288 618/1037/288 616/1038/288
f 616/1038/288 614/1039/288 612/1040/288
f 612/1040/288 610/1041/288 608/1042/288
f 608/1042/288 606/1043/288 604/1044/288
f 604/1044/288 602/1045/288 600/768/288
f 600/768/288 598/1046/288 596/1047/288
f 596/1047/288 594/1048/288 592/1049/288
f 592/1049/288 590/1050/288 588/1051/288
f 588/1051/288 586/1052/288 584/769/288
f 584/769/288 582/1053/288 580/1054/288
f 580/1054/288 578/1055/288 576/1056/288
f 576/1056/288 574/1057/288 572/1058/288
f 572/1058/288 570/1059/288 568/770/288
f 568/770/288 564/1032/288 624/1034/288
f 624/1034/288 620/1036/288 616/1038/288
f 616/1038/288 612/1040/288 608/1042/288
f 608/1042/288 604/1044/288 600/768/288
f 600/768/288 596/1047/288 592/1049/288
f 592/1049/288 588/1051/288 584/769/288
f 584/769/288 580/1054/288 576/1056/288
f 576/1056/288 572/1058/288 568/770/288
f 568/770/288 624/1034/288 616/1038/288
f 616/1038/288 608/1042/288 600/768/288
f 600/768/288 592/1049/288 584/769/288
f 584/769/288 576/1056/288 568/770/288
f 568/770/288 616/1038/288 600/768/288
f 624/766/289 626/772/289 625/771/289
f 626/772/290 564/706/290 563/708/290
f 625/775/257 563/1060/257 565/1061/257
f 565/1061/257 567/1062/257 569/1063/257
f 569/1063/257 571/1064/257 573/1065/257
f 573/1065/257 575/1066/257 577/1067/257
f 577/1067/257 579/1068/257 581/1069/257
f 581/1069/257 583/1070/257 585/1071/257
f 585/1071/257 587/1072/257 589/1073/257
f 589/1073/257 591/1074/257 593/773/257
f 593/773/257 595/1075/257 597/1076/257
f 597/1076/257 599/1077/257 601/1078/257
f 601/1078/257 603/1079/257 605/1080/257
f 605/1080/257 607/1081/257 609/774/257
f 609/774/257 611/1082/257 613/1083/257
f 613/1083/257 615/1084/257 617/1085/257
f 617/1085/257 619/1086/257 621/1087/257
f 621/1087/257 623/1088/257 625/775/257
f 625/775/257 565/1061/257 569/1063/257
f 569/1063/257 573/1065/257 577/1067/257
f 577/1067/257 581/1069/257 585/1071/257
f 585/1071/257 589/1073/257 593/773/257
f 593/773/257 597/1076/257 601/1078/257
f 601/1078/257 605/1080/257 609/774/257
f 609/774/257 613/1083/257 617/1085/257
f 617/1085/257 621/1087/257 625/775/257
f 625/775/257 569/1063/257 577/1067/257
f 577/1067/257 585/1071/257 593/773/257
f 593/773/257 601/1078/257 609/774/257
f 609/774/257 617/1085/257 625/775/257
f 625/775/257 577/1067/257 593/773/257
usemtl Material.006
f 628/570/298 629/458/298 627/571/298
f 630/572/304 633/460/304 629/458/304
f 634/459/297 631/461/297 633/460/297
f 632/462/299 627/463/299 631/461/299
f 633/460/257 627/464/257 629/465/257
f 630/573/288 632/462/288 634/459/288
f 628/570/298 630/572/298 629/458/298
f 630/572/304 634/459/304 633/460/304
f 634/459/297 632/462/297 631/461/297
f 632/462/299 628/938/299 627/463/299
f 633/460/257 631/461/257 627/464/257
f 630/573/288 628/466/288 632/462/288
usemtl cylinder
f 635/776/366 638/777/366 637/778/366
f 638/777/367 639/779/367 637/778/367
f 639/779/368 642/780/368 641/781/368
f 642/780/369 643/782/369 641/781/369
f 644/783/370 645/784/370 643/785/370
f 646/786/371 647/787/371 645/784/371
f 648/788/372 649/789/372 647/787/372
f 650/790/373 651/791/373 649/789/373
f 651/792/374 654/793/374 653/794/374
f 636/795/375 650/796/375 642/797/375
f 654/793/376 655/798/376 653/794/376
f 655/798/377 636/799/377 635/800/377
f 637/801/378 645/802/378 653/803/378
f 658/804/379 659/778/379 657/776/379
f 659/778/380 662/805/380 661/779/380
f 662/805/381 663/781/381 661/779/381
f 664/780/382 665/782/382 663/781/382
f 665/785/383 668/786/383 667/784/383
f 667/784/299 670/788/299 669/787/299
f 669/787/384 672/790/384 671/789/384
f 672/790/385 673/791/385 671/789/385
f 673/792/386 676/793/386 675/794/386
f 658/795/387 672/796/387 664/797/387
f 675/794/388 678/806/388 677/798/388
f 678/806/389 657/800/389 677/798/389
f 659/801/390 667/802/390 675/803/390
f 680/804/391 681/778/391 679/776/391
f 682/777/392 683/779/392 681/778/392
f 684/805/393 685/781/393 683/779/393
f 685/781/394 688/807/394 687/782/394
f 688/783/395 689/784/395 687/785/395
f 690/786/396 691/787/396 689/784/396
f 692/788/397 693/789/397 691/787/397
f 694/790/398 695/791/398 693/789/398
f 696/808/399 697/794/399 695/792/399
f 680/795/400 694/796/400 686/797/400
f 698/793/401 699/798/401 697/794/401
f 699/798/402 680/799/402 679/800/402
f 681/801/403 689/802/403 697/803/403
f 701/776/404 704/777/404 703/778/404
f 703/778/405 706/805/405 705/779/405
f 705/779/406 708/780/406 707/781/406
f 707/781/407 710/807/407 709/782/407
f 710/783/408 711/784/408 709/785/408
f 711/784/409 714/788/409 713/787/409
f 713/787/410 716/790/410 715/789/410
f 716/790/411 717/791/411 715/789/411
f 718/808/412 719/794/412 717/792/412
f 702/795/413 716/796/413 708/797/413
f 720/793/414 721/798/414 719/794/414
f 721/798/415 702/799/415 701/800/415
f 703/801/416 711/802/416 719/803/416
f 724/804/379 725/778/379 723/776/379
f 725/778/380 728/805/380 727/779/380
f 728/805/381 729/781/381 727/779/381
f 730/780/382 731/782/382 729/781/382
f 731/785/383 734/786/383 733/784/383
f 734/786/299 735/787/299 733/784/299
f 735/787/384 738/790/384 737/789/384
f 738/790/385 739/791/385 737/789/385
f 740/808/386 741/794/386 739/792/386
f 724/795/387 738/796/387 730/797/387
f 741/794/417 744/806/417 743/798/417
f 744/806/389 723/800/389 743/798/389
f 725/801/390 733/802/390 741/803/390
f 746/804/418 747/778/418 745/776/418
f 748/777/419 749/779/419 747/778/419
f 749/779/420 752/780/420 751/781/420
f 752/780/421 753/782/421 751/781/421
f 754/783/422 755/784/422 753/785/422
f 756/786/423 757/787/423 755/784/423
f 757/787/424 760/790/424 759/789/424
f 760/790/425 761/791/425 759/789/425
f 762/808/426 763/794/426 761/792/426
f 746/795/427 760/796/427 752/797/427
f 764/793/428 765/798/428 763/794/428
f 765/798/429 746/799/429 745/800/429
f 747/801/430 755/802/430 763/803/430
f 767/776/431 770/777/431 769/778/431
f 769/778/432 772/805/432 771/779/432
f 772/805/433 773/781/433 771/779/433
f 773/781/434 776/807/434 775/782/434
f 776/783/435 777/784/435 775/785/435
f 778/786/436 779/787/436 777/784/436
f 780/788/437 781/789/437 779/787/437
f 782/790/438 783/791/438 781/789/438
f 783/792/439 786/793/439 785/794/439
f 768/795/440 782/796/440 774/797/440
f 786/793/441 787/798/441 785/794/441
f 788/806/442 767/800/442 787/798/442
f 769/801/443 777/802/443 785/803/443
f 789/776/444 792/777/444 791/778/444
f 792/777/445 793/779/445 791/778/445
f 793/779/446 796/780/446 795/781/446
f 796/780/447 797/782/447 795/781/447
f 798/783/448 799/784/448 797/785/448
f 800/786/449 801/787/449 799/784/449
f 802/788/450 803/789/450 801/787/450
f 803/789/451 806/809/451 805/791/451
f 806/808/452 807/794/452 805/792/452
f 790/795/453 804/796/453 796/797/453
f 808/793/454 809/798/454 807/794/454
f 810/806/455 789/800/455 809/798/455
f 791/801/456 799/802/456 807/803/456
f 812/804/457 813/778/457 811/776/457
f 814/777/458 815/779/458 813/778/458
f 815/779/459 818/780/459 817/781/459
f 818/780/460 819/782/460 817/781/460
f 819/785/461 822/786/461 821/784/461
f 822/786/462 823/787/462 821/784/462
f 823/787/463 826/790/463 825/789/463
f 825/789/464 828/809/464 827/791/464
f 827/792/465 830/793/465 829/794/465
f 812/795/466 826/796/466 818/797/466
f 830/793/467 831/798/467 829/794/467
f 832/806/468 811/800/468 831/798/468
f 813/801/469 821/802/469 829/803/469
f 833/776/470 836/777/470 835/778/470
f 835/778/471 838/805/471 837/779/471
f 838/805/472 839/781/472 837/779/472
f 840/780/473 841/782/473 839/781/473
f 842/783/474 843/784/474 841/785/474
f 843/784/475 846/788/475 845/787/475
f 845/787/476 848/790/476 847/789/476
f 847/789/477 850/809/477 849/791/477
f 850/808/478 851/794/478 849/792/478
f 834/795/479 848/796/479 840/797/479
f 851/794/480 854/806/480 853/798/480
f 854/806/481 833/800/481 853/798/481
f 835/801/482 843/802/482 851/803/482
f 856/804/483 857/778/483 855/776/483
f 857/778/484 860/805/484 859/779/484
f 860/805/485 861/781/485 859/779/485
f 861/781/486 864/807/486 863/782/486
f 863/785/487 866/786/487 865/784/487
f 865/784/488 868/788/488 867/787/488
f 867/787/489 870/790/489 869/789/489
f 870/790/490 871/791/490 869/789/490
f 871/792/491 874/793/491 873/794/491
f 856/795/492 870/796/492 862/797/492
f 874/793/493 875/798/493 873/794/493
f 875/798/494 856/799/494 855/800/494
f 857/801/495 865/802/495 873/803/495
f 877/776/496 880/777/496 879/778/496
f 879/778/497 882/805/497 881/779/497
f 881/779/498 884/780/498 883/781/498
f 883/781/499 886/807/499 885/782/499
f 886/783/500 887/784/500 885/785/500
f 887/784/501 890/788/501 889/787/501
f 889/787/502 892/790/502 891/789/502
f 891/789/503 894/809/503 893/791/503
f 893/792/504 896/793/504 895/794/504
f 878/795/505 892/796/505 884/797/505
f 895/794/506 898/806/506 897/798/506
f 898/806/507 877/800/507 897/798/507
f 879/801/508 887/802/508 895/803/508
f 899/776/509 902/777/509 901/778/509
f 901/778/510 904/805/510 903/779/510
f 903/779/511 906/780/511 905/781/511
f 905/781/512 908/807/512 907/782/512
f 908/783/513 909/784/513 907/785/513
f 910/786/514 911/787/514 909/784/514
f 912/788/515 913/789/515 911/787/515
f 914/790/516 915/791/516 913/789/516
f 915/792/517 918/793/517 917/794/517
f 900/795/518 914/796/518 906/797/518
f 917/794/519 920/806/519 919/798/519
f 920/806/520 899/800/520 919/798/520
f 901/801/521 909/802/521 917/803/521
f 921/776/522 924/777/522 923/778/522
f 924/777/523 925/779/523 923/778/523
f 926/805/524 927/781/524 925/779/524
f 927/781/525 930/807/525 929/782/525
f 929/785/526 932/786/526 931/784/526
f 931/784/527 934/788/527 933/787/527
f 934/788/528 935/789/528 933/787/528
f 936/790/529 937/791/529 935/789/529
f 937/792/530 940/793/530 939/794/530
f 922/795/531 936/796/531 928/797/531
f 940/793/532 941/798/532 939/794/532
f 942/806/533 921/800/533 941/798/533
f 923/801/534 931/802/534 939/803/534
f 943/776/535 946/777/535 945/778/535
f 946/777/536 947/779/536 945/778/536
f 948/805/537 949/781/537 947/779/537
f 949/781/538 952/807/538 951/782/538
f 951/785/539 954/786/539 953/784/539
f 953/784/540 956/788/540 955/787/540
f 955/787/541 958/790/541 957/789/541
f 957/789/542 960/809/542 959/791/542
f 960/808/543 961/794/543 959/792/543
f 944/795/544 958/796/544 950/797/544
f 961/794/545 964/806/545 963/798/545
f 963/798/546 944/799/546 943/800/546
f 945/801/547 953/802/547 961/803/547
f 635/776/366 636/804/366 638/777/366
f 638/777/594 640/805/594 639/779/594
f 639/779/368 640/805/368 642/780/368
f 642/780/369 644/807/369 643/782/369
f 644/783/370 646/786/370 645/784/370
f 646/786/371 648/788/371 647/787/371
f 648/788/372 650/790/372 649/789/372
f 650/790/373 652/809/373 651/791/373
f 651/792/595 652/808/595 654/793/595
f 640/1089/375 638/1090/375 636/795/375
f 636/795/375 656/1091/375 654/1092/375
f 654/1092/375 652/1093/375 650/796/375
f 650/796/375 648/1094/375 646/1095/375
f 646/1095/375 644/1096/375 642/797/375
f 642/797/375 640/1089/375 636/795/375
f 636/795/375 654/1092/375 650/796/375
f 650/796/375 646/1095/375 642/797/375
f 654/793/376 656/806/376 655/798/376
f 655/798/377 656/806/377 636/799/377
f 655/1097/378 635/1098/378 637/801/378
f 637/801/378 639/1099/378 641/1100/378
f 641/1100/378 643/1101/378 645/802/378
f 645/802/378 647/1102/378 649/1103/378
f 649/1103/378 651/1104/378 653/803/378
f 653/803/378 655/1097/378 637/801/378
f 637/801/378 641/1100/378 645/802/378
f 645/802/378 649/1103/378 653/803/378
f 658/804/379 660/777/379 659/778/379
f 659/778/596 660/777/596 662/805/596
f 662/805/381 664/780/381 663/781/381
f 664/780/382 666/807/382 665/782/382
f 665/785/383 666/783/383 668/786/383
f 667/784/299 668/786/299 670/788/299
f 669/787/384 670/788/384 672/790/384
f 672/790/385 674/809/385 673/791/385
f 673/792/386 674/808/386 676/793/386
f 662/1089/387 660/1090/387 658/795/387
f 658/795/387 678/1091/387 676/1092/387
f 676/1092/387 674/1093/387 672/796/387
f 672/796/387 670/1094/387 668/1095/387
f 668/1095/387 666/1096/387 664/797/387
f 664/797/387 662/1089/387 658/795/387
f 658/795/387 676/1092/387 672/796/387
f 672/796/387 668/1095/387 664/797/387
f 675/794/417 676/793/417 678/806/417
f 678/806/389 658/799/389 657/800/389
f 677/1097/390 657/1098/390 659/801/390
f 659/801/390 661/1099/390 663/1100/390
f 663/1100/390 665/1101/390 667/802/390
f 667/802/390 669/1102/390 671/1103/390
f 671/1103/390 673/1104/390 675/803/390
f 675/803/390 677/1097/390 659/801/390
f 659/801/390 663/1100/390 667/802/390
f 667/802/390 671/1103/390 675/803/390
f 680/804/597 682/777/597 681/778/597
f 682/777/598 684/805/598 683/779/598
f 684/805/393 686/780/393 685/781/393
f 685/781/394 686/780/394 688/807/394
f 688/783/395 690/786/395 689/784/395
f 690/786/396 692/788/396 691/787/396
f 692/788/397 694/790/397 693/789/397
f 694/790/398 696/809/398 695/791/398
f 696/808/399 698/793/399 697/794/399
f 684/1089/400 682/1090/400 680/795/400
f 680/795/400 700/1091/400 698/1092/400
f 698/1092/400 696/1093/400 694/796/400
f 694/796/400 692/1094/400 690/1095/400
f 690/1095/400 688/1096/400 686/797/400
f 686/797/400 684/1089/400 680/795/400
f 680/795/400 698/1092/400 694/796/400
f 694/796/400 690/1095/400 686/797/400
f 698/793/401 700/806/401 699/798/401
f 699/798/402 700/806/402 680/799/402
f 699/1097/403 679/1098/403 681/801/403
f 681/801/403 683/1099/403 685/1100/403
f 685/1100/403 687/1101/403 689/802/403
f 689/802/403 691/1102/403 693/1103/403
f 693/1103/403 695/1104/403 697/803/403
f 697/803/403 699/1097/403 681/801/403
f 681/801/403 685/1100/403 689/802/403
f 689/802/403 693/1103/403 697/803/403
f 701/776/404 702/804/404 704/777/404
f 703/778/405 704/777/405 706/805/405
f 705/779/406 706/805/406 708/780/406
f 707/781/407 708/780/407 710/807/407
f 710/783/408 712/786/408 711/784/408
f 711/784/409 712/786/409 714/788/409
f 713/787/410 714/788/410 716/790/410
f 716/790/411 718/809/411 717/791/411
f 718/808/412 720/793/412 719/794/412
f 706/1089/413 704/1090/413 702/795/413
f 702/795/413 722/1091/413 720/1092/413
f 720/1092/413 718/1093/413 716/796/413
f 716/796/599 714/1094/599 712/1095/599
f 712/1095/413 710/1096/413 708/797/413
f 708/797/413 706/1089/413 702/795/413
f 702/795/413 720/1092/413 716/796/413
f 716/796/413 712/1095/413 708/797/413
f 720/793/414 722/806/414 721/798/414
f 721/798/415 722/806/415 702/799/415
f 721/1097/416 701/1098/416 703/801/416
f 703/801/416 705/1099/416 707/1100/416
f 707/1100/600 709/1101/600 711/802/600
f 711/802/416 713/1102/416 715/1103/416
f 715/1103/416 717/1104/416 719/803/416
f 719/803/416 721/1097/416 703/801/416
f 703/801/416 707/1100/416 711/802/416
f 711/802/416 715/1103/416 719/803/416
f 724/804/379 726/777/379 725/778/379
f 725/778/380 726/777/380 728/805/380
f 728/805/381 730/780/381 729/781/381
f 730/780/382 732/807/382 731/782/382
f 731/785/383 732/783/383 734/786/383
f 734/786/299 736/788/299 735/787/299
f 735/787/384 736/788/384 738/790/384
f 738/790/385 740/809/385 739/791/385
f 740/808/386 742/793/386 741/794/386
f 728/1089/387 726/1090/387 724/795/387
f 724/795/387 744/1091/387 742/1092/387
f 742/1092/387 740/1093/387 738/796/387
f 738/796/387 736/1094/387 734/1095/387
f 734/1095/387 732/1096/387 730/797/387
f 730/797/387 728/1089/387 724/795/387
f 724/795/387 742/1092/387 738/796/387
f 738/796/387 734/1095/387 730/797/387
f 741/794/388 742/793/388 744/806/388
f 744/806/389 724/799/389 723/800/389
f 743/1097/390 723/1098/390 725/801/390
f 725/801/390 727/1099/390 729/1100/390
f 729/1100/390 731/1101/390 733/802/390
f 733/802/390 735/1102/390 737/1103/390
f 737/1103/390 739/1104/390 741/803/390
f 741/803/390 743/1097/390 725/801/390
f 725/801/390 729/1100/390 733/802/390
f 733/802/390 737/1103/390 741/803/390
f 746/804/418 748/777/418 747/778/418
f 748/777/419 750/805/419 749/779/419
f 749/779/420 750/805/420 752/780/420
f 752/780/421 754/807/421 753/782/421
f 754/783/422 756/786/422 755/784/422
f 756/786/601 758/788/601 757/787/601
f 757/787/424 758/788/424 760/790/424
f 760/790/425 762/809/425 761/791/425
f 762/808/426 764/793/426 763/794/426
f 750/1089/427 748/1090/427 746/795/427
f 746/795/602 766/1091/602 764/1092/602
f 764/1092/427 762/1093/427 760/796/427
f 760/796/427 758/1094/427 756/1095/427
f 756/1095/427 754/1096/427 752/797/427
f 752/797/602 750/1089/602 746/795/602
f 746/795/427 764/1092/427 760/796/427
f 760/796/602 756/1095/602 752/797/602
f 764/793/603 766/806/603 765/798/603
f 765/798/429 766/806/429 746/799/429
f 765/1097/430 745/1098/430 747/801/430
f 747/801/430 749/1099/430 751/1100/430
f 751/1100/604 753/1101/604 755/802/604
f 755/802/604 757/1102/604 759/1103/604
f 759/1103/604 761/1104/604 763/803/604
f 763/803/604 765/1097/604 747/801/604
f 747/801/604 751/1100/604 755/802/604
f 755/802/604 759/1103/604 763/803/604
f 767/776/431 768/804/431 770/777/431
f 769/778/605 770/777/605 772/805/605
f 772/805/433 774/780/433 773/781/433
f 773/781/434 774/780/434 776/807/434
f 776/783/435 778/786/435 777/784/435
f 778/786/436 780/788/436 779/787/436
f 780/788/437 782/790/437 781/789/437
f 782/790/438 784/809/438 783/791/438
f 783/792/439 784/808/439 786/793/439
f 772/1089/440 770/1090/440 768/795/440
f 768/795/606 788/1091/606 786/1092/606
f 786/1092/440 784/1093/440 782/796/440
f 782/796/440 780/1094/440 778/1095/440
f 778/1095/440 776/1096/440 774/797/440
f 774/797/440 772/1089/440 768/795/440
f 768/795/440 786/1092/440 782/796/440
f 782/796/440 778/1095/440 774/797/440
f 786/793/607 788/806/607 787/798/607
f 788/806/442 768/799/442 767/800/442
f 787/1097/443 767/1098/443 769/801/443
f 769/801/443 771/1099/443 773/1100/443
f 773/1100/443 775/1101/443 777/802/443
f 777/802/443 779/1102/443 781/1103/443
f 781/1103/443 783/1104/443 785/803/443
f 785/803/443 787/1097/443 769/801/443
f 769/801/443 773/1100/443 777/802/443
f 777/802/443 781/1103/443 785/803/443
f 789/776/444 790/804/444 792/777/444
f 792/777/608 794/805/608 793/779/608
f 793/779/446 794/805/446 796/780/446
f 796/780/447 798/807/447 797/782/447
f 798/783/448 800/786/448 799/784/448
f 800/786/449 802/788/449 801/787/449
f 802/788/450 804/790/450 803/789/450
f 803/789/451 804/790/451 806/809/451
f 806/808/452 808/793/452 807/794/452
f 794/1089/453 792/1090/453 790/795/453
f 790/795/453 810/1091/453 808/1092/453
f 808/1092/453 806/1093/453 804/796/453
f 804/796/453 802/1094/453 800/1095/453
f 800/1095/453 798/1096/453 796/797/453
f 796/797/453 794/1089/453 790/795/453
f 790/795/453 808/1092/453 804/796/453
f 804/796/453 800/1095/453 796/797/453
f 808/793/609 810/806/609 809/798/609
f 810/806/455 790/799/455 789/800/455
f 809/1097/456 789/1098/456 791/801/456
f 791/801/456 793/1099/456 795/1100/456
f 795/1100/456 797/1101/456 799/802/456
f 799/802/456 801/1102/456 803/1103/456
f 803/1103/456 805/1104/456 807/803/456
f 807/803/456 809/1097/456 791/801/456
f 791/801/456 795/1100/456 799/802/456
f 799/802/456 803/1103/456 807/803/456
f 812/804/610 814/777/610 813/778/610
f 814/777/458 816/805/458 815/779/458
f 815/779/459 816/805/459 818/780/459
f 818/780/460 820/807/460 819/782/460
f 819/785/461 820/783/461 822/786/461
f 822/786/462 824/788/462 823/787/462
f 823/787/611 824/788/611 826/790/611
f 825/789/464 826/790/464 828/809/464
f 827/792/465 828/808/465 830/793/465
f 816/1089/466 814/1090/466 812/795/466
f 812/795/466 832/1091/466 830/1092/466
f 830/1092/466 828/1093/466 826/796/466
f 826/796/466 824/1094/466 822/1095/466
f 822/1095/466 820/1096/466 818/797/466
f 818/797/466 816/1089/466 812/795/466
f 812/795/466 830/1092/466 826/796/466
f 826/796/466 822/1095/466 818/797/466
f 830/793/612 832/806/612 831/798/612
f 832/806/468 812/799/468 811/800/468
f 831/1097/469 811/1098/469 813/801/469
f 813/801/469 815/1099/469 817/1100/469
f 817/1100/469 819/1101/469 821/802/469
f 821/802/469 823/1102/469 825/1103/469
f 825/1103/469 827/1104/469 829/803/469
f 829/803/469 831/1097/469 813/801/469
f 813/801/469 817/1100/469 821/802/469
f 821/802/469 825/1103/469 829/803/469
f 833/776/613 834/804/613 836/777/613
f 835/778/614 836/777/614 838/805/614
f 838/805/472 840/780/472 839/781/472
f 840/780/473 842/807/473 841/782/473
f 842/783/474 844/786/474 843/784/474
f 843/784/475 844/786/475 846/788/475
f 845/787/476 846/788/476 848/790/476
f 847/789/477 848/790/477 850/809/477
f 850/808/478 852/793/478 851/794/478
f 838/1089/615 836/1090/615 834/795/615
f 834/795/616 854/1091/616 852/1092/616
f 852/1092/479 850/1093/479 848/796/479
f 848/796/479 846/1094/479 844/1095/479
f 844/1095/616 842/1096/616 840/797/616
f 840/797/479 838/1089/479 834/795/479
f 834/795/479 852/1092/479 848/796/479
f 848/796/479 844/1095/479 840/797/479
f 851/794/617 852/793/617 854/806/617
f 854/806/481 834/799/481 833/800/481
f 853/1097/618 833/1098/618 835/801/618
f 835/801/482 837/1099/482 839/1100/482
f 839/1100/482 841/1101/482 843/802/482
f 843/802/618 845/1102/618 847/1103/618
f 847/1103/482 849/1104/482 851/803/482
f 851/803/482 853/1097/482 835/801/482
f 835/801/618 839/1100/618 843/802/618
f 843/802/482 847/1103/482 851/803/482
f 856/804/483 858/777/483 857/778/483
f 857/778/484 858/777/484 860/805/484
f 860/805/485 862/780/485 861/781/485
f 861/781/486 862/780/486 864/807/486
f 863/785/619 864/783/619 866/786/619
f 865/784/488 866/786/488 868/788/488
f 867/787/489 868/788/489 870/790/489
f 870/790/490 872/809/490 871/791/490
f 871/792/491 872/808/491 874/793/491
f 860/1089/492 858/1090/492 856/795/492
f 856/795/620 876/1091/620 874/1092/620
f 874/1092/492 872/1093/492 870/796/492
f 870/796/620 868/1094/620 866/1095/620
f 866/1095/620 864/1096/620 862/797/620
f 862/797/492 860/1089/492 856/795/492
f 856/795/620 874/1092/620 870/796/620
f 870/796/492 866/1095/492 862/797/492
f 874/793/493 876/806/493 875/798/493
f 875/798/494 876/806/494 856/799/494
f 875/1097/621 855/1098/621 857/801/621
f 857/801/622 859/1099/622 861/1100/622
f 861/1100/622 863/1101/622 865/802/622
f 865/802/495 867/1102/495 869/1103/495
f 869/1103/495 871/1104/495 873/803/495
f 873/803/622 875/1097/622 857/801/622
f 857/801/495 861/1100/495 865/802/495
f 865/802/495 869/1103/495 873/803/495
f 877/776/496 878/804/496 880/777/496
f 879/778/497 880/777/497 882/805/497
f 881/779/498 882/805/498 884/780/498
f 883/781/499 884/780/499 886/807/499
f 886/783/500 888/786/500 887/784/500
f 887/784/501 888/786/501 890/788/501
f 889/787/502 890/788/502 892/790/502
f 891/789/503 892/790/503 894/809/503
f 893/792/504 894/808/504 896/793/504
f 882/1089/505 880/1090/505 878/795/505
f 878/795/623 898/1091/623 896/1092/623
f 896/1092/505 894/1093/505 892/796/505
f 892/796/505 890/1094/505 888/1095/505
f 888/1095/505 886/1096/505 884/797/505
f 884/797/505 882/1089/505 878/795/505
f 878/795/505 896/1092/505 892/796/505
f 892/796/505 888/1095/505 884/797/505
f 895/794/624 896/793/624 898/806/624
f 898/806/507 878/799/507 877/800/507
f 897/1097/625 877/1098/625 879/801/625
f 879/801/508 881/1099/508 883/1100/508
f 883/1100/508 885/1101/508 887/802/508
f 887/802/508 889/1102/508 891/1103/508
f 891/1103/508 893/1104/508 895/803/508
f 895/803/508 897/1097/508 879/801/508
f 879/801/508 883/1100/508 887/802/508
f 887/802/508 891/1103/508 895/803/508
f 899/776/509 900/804/509 902/777/509
f 901/778/626 902/777/626 904/805/626
f 903/779/511 904/805/511 906/780/511
f 905/781/512 906/780/512 908/807/512
f 908/783/513 910/786/513 909/784/513
f 910/786/514 912/788/514 911/787/514
f 912/788/515 914/790/515 913/789/515
f 914/790/516 916/809/516 915/791/516
f 915/792/517 916/808/517 918/793/517
f 904/1089/518 902/1090/518 900/795/518
f 900/795/518 920/1091/518 918/1092/518
f 918/1092/518 916/1093/518 914/796/518
f 914/796/518 912/1094/518 910/1095/518
f 910/1095/518 908/1096/518 906/797/518
f 906/797/518 904/1089/518 900/795/518
f 900/795/518 918/1092/518 914/796/518
f 914/796/518 910/1095/518 906/797/518
f 917/794/519 918/793/519 920/806/519
f 920/806/520 900/799/520 899/800/520
f 919/1097/521 899/1098/521 901/801/521
f 901/801/521 903/1099/521 905/1100/521
f 905/1100/521 907/1101/521 909/802/521
f 909/802/521 911/1102/521 913/1103/521
f 913/1103/521 915/1104/521 917/803/521
f 917/803/521 919/1097/521 901/801/521
f 901/801/521 905/1100/521 909/802/521
f 909/802/521 913/1103/521 917/803/521
f 921/776/522 922/804/522 924/777/522
f 924/777/627 926/805/627 925/779/627
f 926/805/524 928/780/524 927/781/524
f 927/781/525 928/780/525 930/807/525
f 929/785/526 930/783/526 932/786/526
f 931/784/527 932/786/527 934/788/527
f 934/788/528 936/790/528 935/789/528
f 936/790/529 938/809/529 937/791/529
f 937/792/530 938/808/530 940/793/530
f 926/1089/628 924/1090/628 922/795/628
f 922/795/628 942/1091/628 940/1092/628
f 940/1092/531 938/1093/531 936/796/531
f 936/796/531 934/1094/531 932/1095/531
f 932/1095/628 930/1096/628 928/797/628
f 928/797/628 926/1089/628 922/795/628
f 922/795/531 940/1092/531 936/796/531
f 936/796/531 932/1095/531 928/797/531
f 940/793/629 942/806/629 941/798/629
f 942/806/533 922/799/533 921/800/533
f 941/1097/534 921/1098/534 923/801/534
f 923/801/534 925/1099/534 927/1100/534
f 927/1100/534 929/1101/534 931/802/534
f 931/802/534 933/1102/534 935/1103/534
f 935/1103/534 937/1104/534 939/803/534
f 939/803/534 941/1097/534 923/801/534
f 923/801/534 927/1100/534 931/802/534
f 931/802/534 935/1103/534 939/803/534
f 943/776/535 944/804/535 946/777/535
f 946/777/630 948/805/630 947/779/630
f 948/805/537 950/780/537 949/781/537
f 949/781/631 950/780/631 952/807/631
f 951/785/539 952/783/539 954/786/539
f 953/784/540 954/786/540 956/788/540
f 955/787/541 956/788/541 958/790/541
f 957/789/542 958/790/542 960/809/542
f 960/808/543 962/793/543 961/794/543
f 948/1089/544 946/1090/544 944/795/544
f 944/795/544 964/1091/544 962/1092/544
f 962/1092/544 960/1093/544 958/796/544
f 958/796/544 956/1094/544 954/1095/544
f 954/1095/544 952/1096/544 950/797/544
f 950/797/544 948/1089/544 944/795/544
f 944/795/544 962/1092/544 958/796/544
f 958/796/544 954/1095/544 950/797/544
f 961/794/632 962/793/632 964/806/632
f 963/798/546 964/806/546 944/799/546
f 963/1097/547 943/1098/547 945/801/547
f 945/801/547 947/1099/547 949/1100/547
f 949/1100/547 951/1101/547 953/802/547
f 953/802/547 955/1102/547 957/1103/547
f 957/1103/547 959/1104/547 961/803/547
f 961/803/547 963/1097/547 945/801/547
f 945/801/547 949/1100/547 953/802/547
f 953/802/547 957/1103/547 961/803/547
